product_code,name,spec,color,base_unit
WD001724,250G/Y 14-3710TPG兰紫色 YSK223单层网布54″,,14-3710TPG兰紫色,码
WK000101,"230G/Y 黑色 K208网布54""",,黑色,码
WK000102,"230G/Y 白色 K208网布54""",,白色,码
WK000153,"230G/Y 玫瑰红14-1310TPG K208网布54""",,玫瑰红14-1310TPG,码
WK000155,"230G/Y 黑灰18-0306TPG K208网布54""",,黑灰18-0306TPG,码
WS000590,"420G/Y 黑色 YS028三明治400 54""",,黑色,码
WS001009,"420G/Y 白帽灰12-0304TPG YS028三明治54""",,白帽灰12-0304TPG,码
22MS00791,"亮白色11-4001TPG XF-3066纹 单层网布 54""",,亮白色11-4001TPG,Y
22FB00235,"白色235g  （健康布）加密针织布54""",,白色,Y
23IM00492,"星球粉ORB Pink 006-70-08 DSK01 经编佳绩布 54"" 240g",,星球粉,Y
WB10878,"白色210D牛津布54""","54""",白色,码
WB13220,"180G 白色K209网布54""",,白色,码
WS000407,"380G白色 YD-0731三明治网布上树脂54""",,白色,码
WB13224,"380G 白色K666单层网布54""","54""",白色,码
24FB01419,"火红色18-1664TPG 300D 粗纹牛津布 54""",,火红色18-1664TPG,Y
24FB01420,"快活绿18-6030TPG 300D 粗纹牛津布 54""",,快活绿18-6030TPG,Y
24FB01421,"黑色19-0303TPG 300D 粗纹牛津布 54""",,黑色19-0303TPG,Y
24FB01424,"快活绿18-6030TPG 210D 加密牛津布 54""",,快活绿18-6030TPG,Y
24FB01423,"米白色11-0103TPG 210D 加密牛津布 54""",,米白色11-0103TPG,Y
24FB01427,"米白色11-0103TPG 300D 粗纹牛津布 54""",,米白色11-0103TPG,Y
24MS02468,"青豆绿18-5616TPG 200g 小米通布 54""",,青豆绿18-5616TPG,码
23MS02119,"黑色19-0303TPG 200g 小米通布54""",,黑色19-0303TPG,Y
23MS02213,"米白色11-0103TPG 200g 小米通布 54""",,米白色11-0103TPG,Y
WS000589,"420G/Y 白色 YS028三明治400 54""",,白色,码
WJ000068,"180G冠军蓝色佳积布58""",,冠军蓝19-3922TPG,码
20MS00291,"2mm 白色 平板弹力三层网 54""",,白色,Y
22FB00195,"黑色 TF18-Q08 220g 磨毛布54""",,黑色,Y
22MS00311,"黑色 K107 250g 单层网布 54""",,黑色,Y
23FB00293,"白色 120g 佳积布 54""",,白色,Y
23FB00295,"黑色 120g 佳积布 54""",,黑色,Y
23IM00004,"白色 佳绩布 54"" 120g 耐黄",,白色,Y
24MS02170,"海盐色Chalk 036-90-02 LY-YG1190/YS1190纹 250g 小四方泡布 54""",,海盐色036-90-02,Y
24MS02205,"绿湖色Glitch Aqua 082-82-12 LY-YG1190/YS1190纹 250g 小四方泡布 54""",,绿湖色082-82-12,Y
WK000004,"180G 黑色K208布54""",,黑色,码
WY000085,"黑色210D牛津布54""","54""",黑色,码
WB12252,"棕色10安帆布54""",,棕色,Y
WB16877,"棕色8安帆布54""",,棕色,Y
24MS01965,"秋橘色15-1263TPG K107 250g 单层网布 54""",,秋橘色15-1263TPG,Y
24FB01103,"舞台蓝19-4111TPG BA22198-1 三明治网布 54""",,舞台蓝19-4111TPG,Y
24FB01104,"舞台蓝19-4111TPG BA22198-2 单层网布 54""",,舞台蓝19-4111TPG,Y
24FB01107,"黑色 BA22198-1 三明治网布 54""",,黑色,Y
24FB01108,"黑色 BA22198-2 单层网布 54""",,黑色,Y
24FB01109,"白蜡灰18-5203TPG BA22198-1 三明治网布 54""",,白蜡灰18-5203TPG,Y
24FB01110,"深灰19-3906TPG BA22198-2 单层网布 54""纸质补单号：0510-1越",,深灰19-3906TPG,Y
24FB01112,"黄松绿19-5320TPG BA22198-1 三明治网布 54""",,黄松绿19-5320TPG,Y
24FB01113,"黄松绿19-5320TPG BA22198-2 单层网布 54""",,黄松绿19-5320TPG,Y
24FB01129,"白色 BA22198-1 三明治网布 54"" 耐黄",,白色,Y
24FB01130,"白色 BA22198-2 单层网布 54"" 耐黄",,白色,Y
24FB01132,"烟土16-1010TPG BA22198-1 三明治网布 54""",,烟土16-1010TPG,Y
24FB01134,"烟土16-1010TPG BA22198-2 单层网布 54""",,烟土16-1010TPG,Y
24FB01137,"香葱绿19-0323TPG BA22198-1 三明治网布 54""",,香葱绿19-0323TPG,Y
24FB01138,"香葱绿19-0323TPG BA22198-2 单层网布 54""",,香葱绿19-0323TPG,Y
24FB01147,"月光米13-0000TPG BA22198-1 三明治网布 54""",,月光米13-0000TPG,Y
24FB01148,"月光米13-0000TPG BA22198-2 单层网布 54""纸质补单号：0510-1越",,月光米13-0000TPG,Y
24FB01150,"雾蓝15-4008TPG BA22198-1 三明治网布 54""",,雾蓝15-4008TPG,Y
24FB01151,"雾蓝15-4008TPG BA22198-2 单层网布 54""",,雾蓝15-4008TPG,Y
22IM00393,"白色 佳积布 54"" 220g",,白色,Y
19FB00716,"白色 180g 丝光布 54""",,白色,Y
21MS00474,"海军蓝19-3921TPG LY-TS1595 200g 环保内里单层网布 54""",,海军蓝19-3921TPG,Y
24IM00184,"黑色 DSK01 经编佳绩布 54"" 180平方克/250码克",,黑色,Y
24IM00185,"亚麻色Linen 034-84-05 DSK01 经编佳绩布 54""180平方克/250码克",,亚麻色034-84-05,Y
C0300016,"210D 牛津布 54"" 白色",,白色,码
C0300017,"210D 牛津布 54"" 黑色",,黑色,码
C0501833,"250g 莱卡布 A-01 54"" 105-74-21 蓝",,105-74-21蓝,码
C0500394,"250g 莱卡布 A-01 54"" 109-98-01白",,109-98-01白,码
C0501105,"250g 莱卡布 A-01 54"" 116-85-09蓝",,116-85-09蓝,码
C0500407,"250g 莱卡布 A-01 54"" 118-30-29蓝",,118-30-29蓝,码
C0500421,"250g 莱卡布 A-01 54"" 126-21-11蓝",,126-21-11蓝,码
C0501464,"250g 莱卡布 A-01 54"" 139-18-00黑",,139-18-00黑,码
C0501148,"250g 莱卡布 A-01 / 54"" / 155-45-20粉",,155-45-20粉,码
C0501835,"250g 莱卡布 A-01 54"" 160-61-28粉色",,160-61-28粉色,码
C0100199,"CL24154纹 430g 三明治网布 A-01 54"" 116-85-09蓝",,116-85-09蓝,码
C0100113,"CL24154纹 430g 三明治网布 A-01 54"" 126-21-11蓝",,126-21-11蓝,码
C0100377,"CL24154纹 430g 三明治网布 A-01 54"" 139-18-00黑",,139-18-00黑,码
C0100820,"CL24186三明治网 54"" ​118-34-36蓝-A",,118-34-36蓝-A,码
C0100254,"CL24186三明治网 54"" 118-34-36蓝",,118-34-36蓝,码
C0100255,"CL24186三明治网 54"" 139-18-00黑",,139-18-00黑,码
C0502159,"DJ132 POLYPAG 单层网布 240g 54"" 002-24-00深灰",,002-24-00深灰,码
C0501576,"DJ132 POLYPAG 单层网布 240g 54"" 011-46-40红",,011-46-40红,码
C0502270,"DJ132 POLYPAG 单层网布 240g 54"" 038-90-04浅黄",,038-90-04浅黄,码
C0502156,"DJ132 POLYPAG 单层网布 240g 54"" 074-53-20绿",,074-53-20绿,码
C0501865,"DJ132 POLYPAG 单层网布 240g 54"" 082-82-12绿",,082-82-12绿,码
C0501825,"DJ132 POLYPAG 单层网布 240g 54"" 109-98-01白",,109-98-01白,码
C0500937,"DJ132 POLYPAG 单层网布 240g 54"" 109-98-01白色",,109-98-01白色,码
C0503095,"DJ132 POLYPAG 单层网布 240g 54"" 117-38-09蓝灰",,117-38-09蓝灰,码
C0502296,"DJ132 POLYPAG 单层网布 240g 54"" 118-34-36蓝",,118-34-36蓝,码
C0501181,"DJ132 POLYPAG 单层网布 240g 54"" 139-18-00黑",,139-18-00黑,码
C0502157,"DJ132 POLYPAG 单层网布 240g 54"" 152-85-11粉",,152-85-11粉,码
C0502158,"DJ132 POLYPAG 单层网布 240g 54"" 160-61-28粉",,160-61-28粉,码
C0500322,"DJ132 POLYPAG 单层网布 240g 54"" 黑色",,黑色,码
C0300047,"DYT 4999 POLY 300D 牛津布 上防脱纱 200g 54"" 109-98-01白",,109-98-01白,码
C0503027,"K208 单层网布 180g 54"" 000-47-00灰",,000-47-00灰,码
C0503028,"K208 单层网布 180g 54"" 000-73-00灰",,000-73-00灰,码
C0503046,"K208 单层网布 180g 54"" 009-58-31红",,009-58-31红,码
C0503015,"K208 单层网布 180g 54"" 01F7白",,01F7白,码
C0503094,"K208 单层网布 180g 54"" 034-75-11棕",,034-75-11棕,码
C0503174,"K208 单层网布 180g 54"" 109-98-01白",,109-98-01白,码
C0503374,"K208 单层网布 180g 54"" 115-61-07蓝",,115-61-07蓝,码
C0503017,"K208 单层网布 180g 54"" 126-21-11蓝",,126-21-11蓝,码
C0502691,"K208 单层网布 180g 54"" 139-18-00黑",,139-18-00黑,码
C0503030,"K208 单层网布 180g 54"" 159-23-15暗红",,159-23-15暗红,码
C0502197,"YS004M 经编组织布 230G 54"" 002-24-00深灰",,002-24-00深灰,码
C0502192,"YS004M 经编组织布 230G 54"" 014-68-51橙",,014-68-51橙,码
C0502102,"YS004M 经编组织布 230G 54"" 017-79-00灰",,017-79-00灰,码
C0502195,"YS004M 经编组织布 230G 54"" 036-90-02米白",,036-90-02米白,码
C0502161,"YS004M 经编组织布 230G 54"" 037-81-37黄",,037-81-37黄,码
C0501572,"YS004M 经编组织布 230G 54"" 070-88-46绿色",,070-88-46绿色,码
C0501664,"YS004M 经编组织布 230G 54"" 109-98-01白",,109-98-01白,码
C0502084,"YS003 经编佳织布180G 44"" 109-98-01白色",,109-98-01白色,码
C0501892,"YS004M 经编组织布 230G 54"" 139-18-00黑",,139-18-00黑,码
C0502193,"YS004M 经编组织布 230G 54"" 152-85-11粉",,152-85-11粉,码
C0501868,"YS020M 加密真美布 250g 54"" 011-46-40红",,011-46-40红,码
C0501866,"YS020M 加密真美布 250g 54"" 048-90-17黄",,048-90-17黄,码
C0501864,"YS020M 加密真美布 250g 54"" 053-79-38黄",,053-79-38黄,码
C0501352,"YS020M 加密真美布 250g 54"" 109-98-01白",,109-98-01白,码
C0501970,"YS020M 加密真美布 250g 54"" 139-18-00黑",,139-18-00黑,码
C0501351,"YS020M 加密真美布 250g 54"" 139-18-00黑色",,139-18-00黑色,码
C0502012,"YS020M 加密真美布 250g(反面正用) 54"" 139-18-00黑",,139-18-00黑,码
C0100294,"YS-028 三明治网 54"" 000-64-00灰色",,000-64-00灰色,码
C0100433,"YS-028 三明治网 54"" 010-47-34红色",,010-47-34红色,码
C0100573,"YS-028 三明治网 54"" 017-79-00灰",,017-79-00灰,码
C0100434,"YS-028 三明治网 54"" 070-88-46绿色",,070-88-46绿色,码
C0100431,"YS-028 三明治网 54"" 107-64-28蓝",,107-64-28蓝,码
C0100232,"YS-028 三明治网 54"" 109-98-01白色",,109-98-01白色,码
C0100518,"YS-028 三明治网 54"" 139-18-00黑",,139-18-00黑,码
C0501903,"YS1811 亮光组织布 230g 54"" 014-82-12 粉色",,014-82-12粉色,码
C0501799,"YS1811 亮光组织布 230g 54"" 109-98-01白",,109-98-01白,码
C0501810,"YS1811 亮光组织布 230g 54"" 160-61-28粉色",,160-61-28粉色,码
20IM00791,"黑色 低弹平布 54"" 220g",,黑色,Y
24FB01135,"百合白11-4301TPG BA22198-1 三明治网布 54""",,百合白11-4301TPG,Y
24FB01136,"百合白11-4301TPG BA22198-2 单层网布 54""",,百合白11-4301TPG,Y
24FB01158,"黑色 YS237R 430g 颗丽绒 羊羔毛 54""",,黑色,Y
24FB01166,白蜡灰18-5203TPG YS237R 430g 颗丽绒 羊羔毛 54“,,白蜡灰18-5203TPG,Y
24FB01175,深灰19-3906TPG FMD-F2-066 格子布 54纸质补单号：0524-1越,,深灰19-3906TPG,Y
24FB01181,"苏丹棕18-1160TPG 220g 低弹平布 54""",,苏丹棕18-1160TPG,Y
24MS02002,"褐棕16-1334TPG FMD-F2-066 格子布 54""",,褐棕16-1334TPG,Y
24MS02003,"香葱绿19-0323TPG FMD-F2-066 格子布 54""",,香葱绿19-0323TPG,Y
24MS02004,"餐厅棕19-0820TPG FMD-F2-066 格子布 54""",,餐厅棕19-0820TPG,Y
24MS02005,"黑色 FMD-F2-066 格子布 54""",,黑色,Y
WS001352,420G/Y 暗橄榄黄19-0516TPG YS028三明治400 54″,,暗橄榄黄19-0516TPG,码
24MS02192,"阴影蓝Shadow 117-38-09 K208 240g BK网布 54""",,阴影蓝117-38-09,Y
24MS02190,"暮光蓝Twilight Blue 119-35-20 K208 240-250g BK网布 54""",,暮光蓝119-35-20,Y
24MS02184,"雾粉色Frosted Berry 152-85-11 K208 240g BK网布 54""",,雾粉色152-85-11,Y
24MS02183,"原子粉Pink Blast 006-61-45 K208 240g BK网布 54""",,原子粉006-61-45,Y
24MS02182,"优秀蓝Optimum Blue 118-34-36 K208 240g BK网布 54""",,优秀蓝118-34-36,Y
24MS02180,"盛怒粉Passion Pink 160-61-28 K208 240g BK网布 54""",,盛怒粉160-61-28,Y
24MS02175,"宝蓝色Vector Blue(R) 118-30-29 K208 240g BK网布 54""",,宝蓝色118-30-29,Y
24MS02174,"黑色139-18-00 K208 240g BK网布 54""",,黑色139-18-00,Y
24MS02173,"白色109-98-01 K208 240gBK网布 54""",,白色109-98-01,Y
24MS02165,"雾粉色Frosted Berry 152-85-11 LY-YG1190/YS1190纹 250g 小四方泡布 54""",,雾粉色152-85-11,Y
24MS02131,"白色109-98-01 XF8021纹 350g/Y 三明治网布 54""",,白色109-98-01,Y
24MS02130,"黑色139-18-00 XF8021纹 350g/Y 三明治网布 54""",,黑色139-18-00,Y
24MS02079,"冷灰色04 Cold Grey AC4N D027纹 250-260g 单层网布 54""",,冷灰色AC4N,Y
24MS02078,"雾灰色Steely Fog AF2M D027纹 250-260g 单层网布 54""",,雾灰色AF2M,Y
24MS02075,"跋涉绿Trek Green AF9D D027纹 250-260g 单层网布 54""",,跋涉绿AF9D,Y
24MS02074,"胜利蓝Vector Navy 126-21-11 D027纹 250-260g 单层网布 54""",,胜利蓝126-21-11,Y
24MS02045,"海盐色Chalk 036-90-02 D027纹 250-260g 单层网布 54""",,海盐色036-90-02,Y
24MS02026,"黑色139-18-00 D027纹 250-260g 单层网布 54""",,黑色139-18-00,Y
17IM00337,"黑色佳绩布 54"" 120g",,黑色,Y
24IM00327,"生胶色04 ADPY 佳积布 54""80g",,生胶色04,Y
24MS02160,"黑色139-18-00 DJ 132/有光K184纹 240g 单层网布 54""",,黑色139-18-00,Y
24MS02351,"黑色139-18-00 K106 230-250g 单层网布 54""",,黑色139-18-00,Y
24FB01186,"白色109-98-01 250g 加密真美布54""",,白色109-98-01,Y
24FB01187,"童话蓝Y2K Blue 121-75-11 250g加密真美布 54""",,童话蓝121-75-11,Y
24FB01188,"运动紫Movement Purple 134-31-12 250g 加密真美布 54""",,运动紫134-31-12,Y
24FB01189,"黑色139-18-00 250g 加密真美布54""",,黑色139-18-00,Y
24FB01190,"水洗黑Washed Black 002-24-00 250g 加密真美布 54""",,水洗黑002-24-00,Y
24FB01191,"复古红Retro Red 011-27-26 250g 加密真美布 54""",,复古红011-27-26,Y
24FB01193,"白色109-98-01 220-230g 低弹平布 54""",,白色109-98-01,Y
24FB01194,"黑色139-18-00 220-230g 低弹平布 54""",,黑色139-18-00,Y
24FB01195,"果酱红Very Berry 155-32-27 220-230g 低弹平布 54""",,果酱红155-32-27,Y
24FB01196,"水洗黑Washed Black 002-24-00 220-230g 低弹平布 54""",,水洗黑002-24-00,Y
24FB01239,"海盐色Chalk 036-90-02 250g 加密真美布 54""",,海盐色036-90-02,Y
24FB01240,"海盐色Chalk 036-90-02 220-230g 低弹平布 54""",,海盐色036-90-02,Y
24FB01241,"太妃粉Dusty Rose 154-63-12 250g 加密真美布 54""",,太妃粉154-63-12,Y
24FB01290,"白色109-98-01 250g 组织布54""",,白色109-98-01,Y
24IM00269,"黑色139-18-00 佳积布 54""250g",,黑色139-18-00,Y
24IM00272,"海盐色Chalk 036-90-02 佳积布54"" 250g",,海盐色036-90-02,Y
24IM00285,"纯灰色02 Pure Grey 2 ADHD 佳积布 54"" 250g",,纯灰色ADHD,Y
24IM00287,"蓝灰色Soft Slate 106-55-05 佳积布 54"" 250g",,蓝灰色106-55-05,Y
24IM00288,"亮橘色Orange Flare 013-64-47佳积布 54"" 250g",,亮橘色013-64-47,Y
24IM00291,"柠绿色Solar Lime-R 064-84-51佳积布 54"" 250g",,柠绿色064-84-51,Y
24IM00292,"真诚粉True Pink 152-57-30 佳积布 54"" 250g",,真诚粉152-57-30,Y
24IM00293,"逃脱蓝Escape Blue 105-27-15 佳积布 54"" 250g",,逃脱蓝105-27-15,Y
24MS02007,"白色109-98-01 354纹 280-290g 单层网 54"" 耐黄",,白色109-98-01,Y
24MS02008,"黑色139-18-00 354纹 280-290g 单层网 54""",,黑色139-18-00,Y
24MS02009,"水洗黑Washed Black 002-24-00 354纹 280-290g 单层网 54""",,水洗黑002-24-00,Y
24MS02040,"纯灰色02 Pure Grey 2 ADHD D027纹 250-260g 单层网布 54""",,纯灰色ADHD,Y
24MS02053,"蓝灰色Soft Slate 106-55-05 D027纹 250-260g 单层网布54""",,蓝灰色106-55-05,Y
24MS02055,"灰泥粉Pink Stucco AF9X D027纹250-260g 单层网布 54""",,灰泥粉AF9X,Y
24MS02056,"亮橘色Orange Flare 013-64-47 D027纹 250-260g 单层网布54""",,亮橘色013-64-47,Y
24MS02059,"柠绿色Solar Lime-R 064-84-51 D027纹 250-260g 单层网布54""",,柠绿色064-84-51,Y
24MS02065,"浅杏粉Washed Clay 022-81-13D027纹 250-260g 单层网布54""",,浅杏粉022-81-13,Y
24MS02126,"海盐色Chalk 036-90-02 354纹280-290g 单层网 54"" 耐黄",,海盐色036-90-02,Y
24MS02157,"白色109-98-01 LY-YG1190/YS1190纹 250g 小四方泡布 54""",,白色109-98-01,Y
24MS02159,"白色109-98-01 DJ 132/有光K184纹 240g 单层网布 54""",,白色109-98-01,Y
24MS02163,"浮光紫Digital Gleam 136-81-08 LY-YG1190/YS1190纹 250g 小四方泡布 54""",,浮光紫136-81-08,Y
24MS02102,"白色109-98-01 K106 230-250g 单层网布 54""",,白色109-98-01,Y
24MS02189,"生长绿Upgrade Green 074-53-20 K208 240-250g BK网布 54""",,生长绿074-53-20,Y
24MS02164,"玻璃蓝Glass Blue 116-85-09 LY-YG1190/YS1190纹 250g 小四方泡布 54""",,玻璃蓝116-85-09,Y
WJ000434,"180G前卫绿色佳积布54""",,前卫绿色,码
WJ000439,"180G粉白色佳积布54""",,粉白色,码
WD002738,"350G K418 黑色格子布(柄亿）（新欧标环保）55""",,黑色,码
WJ000146,"120G 黑色佳积布54""",,黑色,码
WJ000187,"120G 白色佳积布54""",,白色,码
WM000104,"360G 白色 全棉毛巾布54""",,白色,码
WM000105,"360G 黑色 全棉毛巾布54""",,黑色,码
24FB00646,"8安 綠桂冠(17-6009 TPG) 帆布54""",,綠桂冠17-6009TPG,Y
24FB00675,"8安 开心果(12-0110TPG) 帆布54""",,开心果12-0110TPG,Y
24FB00465,"8安 天國藍(14-4210 TPG) 帆布54""",,天國藍14-4210TPG,Y
24FB00369,"8安 橄榄绿(18-0521 TPX) 帆布54""5单",,橄榄绿18-0521TPX,Y
24FB00191,"8安 深青苔綠(18-0312TPG) 帆布 54""",,深青苔綠18-0312TPG,Y
24FB00193,"8安 暗橡樹(16-1144 TPG) 帆布54""",,暗橡樹16-1144TPG,Y
24MS00289,"摩卡(18-1019TPG) YS-0731 三明治网布 54""",,摩卡18-1019TPG,Y
24MS00291,"深青苔綠(18-0312 TPG) YS-0731三明治网布 54""",,深青苔綠18-0312TPG,Y
24MS00425,"榆樹綠(16-0613 TPX) YS-0731 三明治网布 54""",,榆樹綠16-0613TPX,Y
24MS00576,"天國藍(14-4210 TPG) YS-0731 三明治网布 54""",,天國藍14-4210TPG,码
24MS00580,"沙漠綠（16-0110 TPG）  YS-0731三明治网布 54""",,沙漠綠16-0110TPG,Y
24MS00908,"霧氣藍(18-4215 TPG) YS-0731 三明治网布 54""",,霧氣藍18-4215TPG,Y
24MS00914,"葵蜜色(11-4300 TPG) YS-0731 三明治网布 54""",,葵蜜色11-4300TPG,Y
24MS01452,"米白(11-0701 TPG) 220g K208/BK布 54""",,米白11-0701TPG,Y
24MS01455,"黑色 220g K208/BK布 54""",,黑色,Y
24MS01551,"海洋蓝MOONLIT OCEAN（19-4122TPX）  YS-0797 三层网54""",,海洋蓝19-4122TPX,Y
23FB01346,"夏威夷蓝HAWAIIAN OCEAN (17-4540TPG) 220g 佳积布 54""",,夏威夷蓝17-4540TPG,Y
23FB01245,"8安 雀棕色(18-1024 TPG) 帆布54""",,雀棕色18-1024TPG,Y
24FB00042,"8安 浅灰色（16-4703 TPG) 帆布 54""",,浅灰色16-4703TPG,Y
24FB00180,"中灰色 220g 佳积布 54""",,中灰色,Y
23FB00577,"8安 羊皮色(14-1122 TPG) 帆布54""",,羊皮色14-1122 TPG,Y
23FB00583,"8安 禽褐(16-1324 TPG) 帆布54""",,禽褐16-1324TPG,Y
23FB00610,"8安 皇冠藍(18-3922 TPG) 帆布54""",,皇冠藍18-3922TPG,Y
23FB00621,"8安 島嶼青(15-5425 TPG) 帆布54""",,島嶼青15-5425TPG,Y
23FB00571,"8安 米白(11-0701 TPG) 帆布54""",,米白11-0701 TPG,Y
16MS01315,"三明治网布 54""黑色",,黑色,Y
23FB00292,"明亮白(11-0601 TPX) 毛巾布54""",,明亮白11-0601 TPX,Y
23FB01236,"8安 樺樹色(13-0905 TPG) 帆布54""",,樺樹色13-0905TPG,Y
23FB01087,"8安 軟木褐(16-1422 TPG) 帆布 54""",,軟木褐16-1422TPG,Y
23FB00929,"8安 古沙色（15-1314 TPG）  帆布 54""",,古沙色15-1314TPG,Y
23MS01056,"雨竹灰15-4101TPX YS-0731 三明治网布 54""",,雨竹灰15-4101TPX,Y
23MS01057,"法橡木13-0400 TPG 三明治网布 54""",,法橡木13-0400TPG,Y
23MS01210,"天鵝灰(12-0000 TPG) YS-0731 三明治网布 54""",,天鵝灰12-0000TPG,Y
23MS01216,"烏鴉咖(19-0000 TPG) YS-0731 三明治网布 54""",,烏鴉咖19-0000TPG,Y
23MS01569,"明亮白(11-0601 TPG) YS-0731 三明治网布 54""",,明亮白11-0601TPG,Y
23MS01811,"雕褐色(14-1310 TPG) YS-0731 三 明治网布 54""",,雕褐色14-1310TPG,Y
23MS02086,"水灰(17-1502 TPG) Ys-2332 尼龙网纱 54""",,水灰17-1502TPG,Y
23MS02192,"白色 三明治网布 54""",,白色,Y
23MS02224,"中灰色 NEUTRAL GREY(17-4402TPG) YS-0797 三层网 54""",,中灰色17-4402TPG,Y
24FB00814,"8安 水绿色(13-6006TPG) 帆布 54""",,水绿色13-6006TPG,码
24FB00944,"海洋蓝MOONLIT OCEAN（19-4122TPX）  220g 佳积布 54""",,海洋蓝19-4122TPX,Y
WJ000328,"150G白色佳积布54""",,白色,码
22IM00135,"黑色 DJ132 单层网布 54"" 240g",,黑色,Y
22MS00521,"白色 DJ132 240g 单层网布 54""",,白色,Y
23FB00870,"白色 DJ132网布 54"" 240g",,白色,Y
24MS01243,"白色 DJ132 240g 单层网布 54"" 耐黄",,白色,Y
22IM00411,"白色 佳积布 54"" 120g 耐黄",,白色,Y
22IM00132,"黑色 佳积布 54"" 120g;;",,黑色,Y
WS001365,"300G 佳宝蓝色YS2975三层网54""",,佳宝蓝色,码
WB11679,"250G 黑色佳积布54""",,黑色,码
WS001301,"360-380G 白色空气层54""",,白色,码
24MS00955,"橘子色17-1140TPG XF-3066纹 单层网布 54""",,橘子色17-1140TPG,Y
24MS01434,"星蓝18-4026TPG XF-3066纹 单层网布 54""",,星蓝18-4026TPG,Y
23MS00148,"奶油黄11-4302TPG XF-3066纹 单层网布 54""",,奶油黄11-4302TPG,Y
23MS02270,"椰奶白11-0608TPG XF-3066纹 单层网布 54""",,椰奶白11-0608TPG,Y
24MS01796,"黑色 RM1247- D纹 三层网 54""",,黑色,Y
24MS01797,"白色 RM1247- D纹 三层网 54""",,白色,Y
24MS01799,"蓝色S.T.Web RM1247-D纹 三层网 54""",,蓝色,Y
24MS01800,"粘土灰Clay Ash RM1247- D纹 三层网 54""",,粘土灰,Y
24MS01801,"深灰色Stealth RM1247- D纹 三层网 54""",,深灰色,Y
24MS01803,"运动蓝Athletic Navy 533C RM1247- D纹 三层网 54""",,运动蓝,Y
24MS02000,"淡蓝色W.F.P.Blue RM1247- D纹三层网 54""",,淡蓝色,Y
15IM00580,"黑色 BK网布 54"" 220g",,黑色,Y
18MS00370,"黑色 220g BK网布 54""",,黑色,Y
18MS00371,"白色 BK 220g 网布 54""",新色卡,白色,Y
21FB00828,"GH209#杂灰色 汗衣布 54""POLYESTER",,杂灰色,Y
24MS00150,"焦褐绿Burnt Olive18-0521TCX 220g BK网布 54""",,焦褐绿18-0521TCX,Y
24MS00154,"玉石白White Onyx 12-4300TPG GF-731/HD-A6932/GH-H2220-06纹330g 三层网 54""",,玉石白12-4300TPG,Y
24MS00158,"焦褐绿Burnt Olive18-0521TCX GF-731/HD-A6932/GH-H2220-06纹330g 三层网 54""",,焦褐绿18-0521TCX,Y
24MS00159,"米白色Chalk White GF-731/HD-A6932/GH-H2220-06纹 330g 三层网 54""",,米白色,Y
24MS00161,"冰褐色A.C.Beige GF-731/HD-A6932/GH-H2220-06纹 330g 三层网 54""",,冰褐色-2,Y
24MS00511,"运动蓝Athletic Navy 220g BK网布 54""",,运动蓝,Y
24MS00701,"征途绿N.J.Green BK网布 54""",,征途绿,码
24MS00703,"哇哇粉Wow Pink BK网布54""",,哇哇粉,Y
24MS01794,"粘土灰Clay Ash BK网布54""",,粘土灰,Y
24MS02001,"深湖蓝Deep Cobalt19-3935TPG 220g BK网布 54""",,深湖蓝19-3935TPG,Y
WN000130,浅褐灰14-1208TPG YS960D加密牛津布上防脱纱（厂商直上）54″,,浅褐灰14-1208TPG,码
WN000138,岩灰18-5204TPG YS960D加密牛津布上防脱纱（厂商直上）54″,,岩灰18-5204TPG,码
22FB00271,"白色235g  （健康布）加密针织布54""",,黑色,Y
22MS00310,"白色 K107 250g 单层网布 54""",,白色,Y
WJ000444,"140G白色佳积布58""",,白色,码
WJ000454,"140G黑色佳积布58""",,黑色,码
WJ000338,"250G 驼色佳积布54""",,驼色,码
WD001456,"300G 黑色天鹅绒54""",,黑色,码
WD001865,"300G 白色天鹅绒54""",,白色,码
WD001667,230G/Y 白色K208网布54″耐汗,,白色,码
WD001668,230G/Y 黑色K208网布耐汗54″,,黑色,码
WD003498,230G 11-4800布兰白色YS148D单层弹力网54″,,11-4800布兰白色,码
WD003500,230G 16-5803火石灰色YS148D单层弹力网54″,,16-5803火石灰色,码
WD003502,230G 黑色YS148D单层弹力网54″,,黑色,码
24MS01071,"黑色 D01 230g 网布 54"" 防虹吸",,黑色,Y
24MS01357,"紫色18-3011TPX D01 230g 网布54"" 防虹吸",,紫色18-3011TPX,Y
24MS00037,"白色 220g 低弹平布 54"" 分化黑色+橘色16-1462TPX图案",,分化黑色+橘色16-1462TPX图案,Y
24MS01289,"灰色16-3915TCX D01 230g 网布54"" 防虹吸",,灰色16-3915TCX,Y
WB4617,"230G 标准白POLYPAG PII网布54""","54""",标准白,码
WB4822,"130G 白色丝光布54""",,白色,码
WD002924,"240G 白色YS121细纱弹力网布上轻树脂54""",,白色,码
FX000226,"200G黑色拉毛四面弹54""",,黑色,码
WB10742,"黑色300G提花天鹅绒54""","54""",黑色,码
WB13219,"180G 黑色K209网布54""","54""",黑色,码
WB13223,"380G 黑色K666单层网布54""","54""",黑色,码
WB14777,"180G 黑色K209网布55""","55""",黑色,码
WB7416,"3U黑色180G天鹅绒54""","54""",黑色,码
WB7447,"白色180G天鹅绒54""","54""",白色,码
WD000108,"360G黑色XF8001氨纶布54""","54""",黑色,码
WD000392,"200G黑色莱卡布54""",54”,黑色,码
WD000902,"180G灰褐色K209网布55""",,灰褐色14-4501TPG,码
WD000904,"180G白色K209网布55""",,白色,码
WD000907,"230G 灰褐色K209网布57""",,灰褐色14-4501TPG,码
WD000908,"180G灰褐色K209网布57""",,灰褐色14-4501TPG,码
WD000913,"230G 黑色K209网布57""",,黑色,码
WD001791,"180G棕色18-0940TPG K209网布55""",,棕色18-0940TPG,码
WD002493,"180G草绿色 K209网布55""",,草绿色18-0622TPG,码
WD002494,"180G草绿色 K209网布54""",,草绿色18-0622TPG,码
WD002495,"200G草绿色 拉毛四面弹54""",,草绿色18-0622TPG,码
WD002496,"360G草绿色 XF8001氨纶布54""",,草绿色18-0622TPG,码
WJ000445,"140G白色佳积布54""",,白色,码
WD003505,"180G中花灰色 K209网布55""",,中花灰色,码
WD003506,"180G中花灰色 K209网布54""",,中花灰色,码
WD003508,"180G棕色 K209网布55""",,棕色18-0950TPG,码
WD003509,"180G棕色 K209网布54""",,棕色18-0950TPG,码
WD003511,"180G沙土色 K209网布54""",,沙土色14-0210TPG,码
WD003515,"180G紫红色 K209网布55""",,紫红色19-1725TPG,码
WD003520,"360G紫红色 XF8001氨纶布54""",,紫红色19-1725TPG,码
WJ000026,"180G黑色佳积布58""",,黑色,码
WJ000300,"150G黑色佳积布54""",,黑色,码
24MS02076,"红岩色Sedona Rose AF2A D027纹 250-260g 单层网布 54""",,红岩色AF2A,Y
WK000197,"TPG-11-0601白色280GK208 54""",,TPG-11-0601白色,码
WK000199,"黑色280GK208 54""","54""",黑色,码
23FB00567,"8安 守舊色(17-0909 TPX) 帆布54""",,守舊色17-0909TPX,Y
23FB00592,"8安 黃綠色(18-0316 TPG) 帆布54""",,黃綠色18-0316TPG,Y
23FB00595,"米白(11-0701 TPG) Ys-2332 尼龙网纱 54""",,米白11-0701TPG,Y
18FB00544,"黑色 8安帆布54""",,黑色,Y
23FB00320,"天鵝灰(12-0000 TPX) 毛巾布 54""",,天鵝灰12-0000TPX/米黄,Y
23FB00412,"米白(11-0701 TPG) 毛巾布 54""",,米白11-0701TPG,Y
23FB00472,"黑色 弹力鸡皮绒 54""",,黑色,Y
24FB00200,"8安 极度灰(17-5104 TPG) 帆布54""",,极度灰17-5104TPG,Y
23FB00625,"8安 壁虎绿13-0340 TN 帆布 54""",,壁虎绿13-0340TN,Y
23FB00638,"守舊色(17-0909TPX) 弹力鸡皮绒 54""",,守舊色17-0909TPX,Y
23FB01147,"8安 麵包咖(18-1244 TPG) 帆布54""",,麵包咖18-1244TPG,Y
23FB01148,"棕玻璃(19-1116TPG) 弹力鸡皮绒 54""",,棕玻璃19-1116TPG,Y
23FB01264,"极度灰(17-5104 TPG) 220g 佳积布 54""",,极度灰17-5104TPG,Y
24FB00517,"8安 毛毛灰(16-4402 TPG) 帆布54""",,毛毛灰16-4402TPG,Y
24FB00637,"8安 雨林绿(19-5232TPG) 帆布54""",,雨林绿19-5232TPG,Y
24MS01456,"沙漠綠（16-0110 TPG）  220gK208/BK布 54""",,沙漠綠16-0110TPG,Y
23MS01215,"蚝蘑13-4201 TPG YS-0731 三明治网布 54""",,蚝蘑13-4201TPG,Y
23MS01511,"深灰(18-0201 TPG) 三明治网布 54""",,深灰18-0201TPG,Y
23MS01904,"黑色 YS-0731 三明治网布 54""",,黑色,Y
24IM00140,"雪白色11-0602TPG 莱卡 54""250g",,雪白色11-0602TPG,Y
24MS00931,"雪白色11-0602TPG YSK055纹 单层网布 54""",,雪白色11-0602TPG,Y
23MS02121,"黑色19-0303TPG YSK055纹 单层网布 54""",,黑色19-0303TPG,Y
24FB00703,"浅香槟金11-0104TPG 色丁布54""",,浅香槟金11-0104TPG,Y
24FB00818,"黑色 YS1066纹 230g 平布 54""",,黑色,Y
23MS02218,"海藻蓝19-4024TPG 200g 小米通布 54""",,海藻蓝19-4024TPG,Y
23MS02211,"海藻蓝19-4024TPG YSK055纹 单层网布 54""",,海藻蓝19-4024TPG,Y
23MS02122,"白色11-0601TPG YSK055纹 单层网布 54""",,白色11-0601TPG,Y
23MS02212,"白色11-0601TPG 200g 小米通布54""",,白色11-0601TPG,Y
23MS02206,"火红色18-1664TPG YSK055纹 单层网布 54""",,火红色18-1664TPG,Y
23MS02214,"火红色18-1664TPG 200g 小米通布 54""",,火红色18-1664TPG,Y
20IM00393,"黑色佳绩布54""80g",,黑色,Y
22IM00271,"黑色佳积布220g54""",,黑色,Y
24IM00029,"黑色19-0303TPG 佳绩布 54""80g",,黑色19-0303TPG,Y
24IM00031,"火红色18-1664TPG 佳绩布 54""80g",,火红色18-1664TPG,Y
24IM00033,"白色11-0601TPG 佳绩布 54""80g",,白色11-0601TPG,Y
WK000096,"230G/Y 16-2614TPG淡紫色 K208网布54""",,16-2614TPG淡紫色,码
WK000098,"230G/Y 18-1442TPG土红色 K208网布54""",,18-1442TPG土红色,码
WK000152,"230G/Y 极致灰17-5104TPG K208网布54""",,极致灰17-5104TPG,码
C0100306,"CL24154纹 430g 三明治网布 A-01 / 54"" / 154-63-12粉",,154-63-12粉,Y
WB11680,"250G 白色佳积布54""",,白色,码
WJ000181,"180G黑色佳积布58""",,黑色,码
WB10687,"180G白色佳积布52""",,白色,码
WB10689,"180G黑色佳积布54""",,黑色,码
WY000309,"白色YS1909尼龙网纱54""",,白色,码
WD003530,"180G 城堡灰色K209网布54""",,城堡灰18-0201TPG,码
WS001379,"380G城堡灰色 YD-0731三明治网布上树脂54""",,城堡灰18-0201TPG,码
WD000237,"180G 冠军蓝K209网布54""",,冠军蓝19-3922TPG,码
21FB00794,"黑色 120g 佳积布 54""",,黑色,码
22MS00790,"白色 120g 佳积布 54""",,白色,Y
24MS01415,"沙土灰12-6204TPG YSK133纹220g 单层网布 54""",,沙土灰12-6204TPG,Y
24MS01738,"草嫩色12-0109TPG YSK133纹220g 单层网布 54""",,草嫩色12-0109TPG,Y
23MS01380,"黑色 YSK133纹 220g 单层网布54""",,黑色,Y
WD001666,250G/Y 黑色YS018M小华夫格网布55″,,黑色,码
WD001671,250G/Y 18-1657TPG椒红色YS018M小华夫格网布55″,,18-1657TPG椒红色,码
WD001673,250G/Y 19-3932TPG海军蓝色YS018M小华夫格网布55″,,19-3932TPG海军蓝色,码
WD003531,"230G深蓝色D02网布54""",,深蓝色,码
WD003532,"230G白色D02网布54""",,白色,码
WD003533,"230G黑色D02网布54""",,黑色,码
WK000223,"TPG-11-0604米白 280GK208 54""",,TPG-11-0604米白,码
WK000224,"TPG-11-1005杏色 280GK208 54""",,TPG-11-1005杏色,码
23MS01378,"亮白色11-4001TPG YSK133纹220g 单层网布 54""",,亮白色11-4001TPG,Y
22MS00774,"亮白色11-4001TPG YS-2068T纹 提花太空层 54""",,亮白色11-4001TPG,Y
22MS00796,"黑色 YS-2068T纹 提花太空层54""",,黑色,Y
22MS01036,"黑色 YS360纹 350g 大星点弹力网布 54""",,黑色,Y
24MS00369,"镀银灰14-0000TPG YS360纹 350g大星点弹力网布 54""",,镀银灰14-0000TPG,Y
WB6769,"300G 白色提花天鹅绒54""",,白色,码
WD003539,"320G亮粉色拉毛布54""",,亮粉色,码
WD003540,"260G/Y亮粉色灯笼布54""",,亮粉色,码
WD003541,"320G柠檬黄色拉毛布54""",,柠檬黄色,码
WD003542,"260G/Y柠檬黄色灯笼布54""",,柠檬黄色,码
19FB00141,"黑色 丝光布 180克 54""",,黑色,Y
21MS00493,"红色Tommy Red18-1655TPX LY-TS1595 200g 环保内里单层网布54""",,红色18-1655TPX,Y
21MS00601,"黑色 LY-TS1595 环保内里单层网布 54""",,黑色,Y
23IM00166,"黑色 DSK01 经编佳绩布 54""240g",,黑色,Y
24IM00374,"米色7530U DSK01 经编佳绩布54"" 240g",,米色7530U,Y
24IM00375,"蓝色16-4411TPG DSK01 经编佳绩布 54"" 240g",,蓝色16-4411TPG,Y
24IM00376,"紫色2092U DSK01 经编佳绩布54"" 240g",,紫色2092U,Y
WB5788,"220G白色低弹平布54""",,白色,码
WD000286,220G黑色低弹平布54”,,黑色,码
WD003547,"180G白色莱卡布54""",,白色,码
WD003548,"180G黑色莱卡布54""",,黑色,码
WS001385,"300G白色5707三明治54""",,白色,码
WS001386,"300G黑色5707三明治54""",,黑色,码
22FB00194,"白色 TF18-Q08 220g 磨毛布54""",,白色,Y
23MS01578,"海藻蓝19-4024TPX YS360纹 350g大星点弹力网布 54""",,海藻蓝19-4024TPX,Y
24MS01032,"珊瑚粉17-1656TPG YS360纹 350g大星点弹力网布 54""",,珊瑚粉17-1656TPG,Y
24MS02155,"白色109-98-01 D01 230-250g 单层网布 54""",,白色109-98-01,Y
25FB00026,"黑色139-18-00 D01 230-250g 单层网布 54""",,黑色139-18-00,Y
24FB00714,"黑色 180g 佳绩布 54""",,黑色,Y
24FB00715,"白色 180g 佳绩布 54"" 耐黄",,白色,Y
WJ000266,"120G 棕色佳积布54""",,棕色,码
24FB01192,"未来蓝Future Cyan 107-64-28 250g 加密真美布 54""",,未来蓝107-64-28,Y
24FB01197,"未来蓝Future Cyan 107-64-28 220-230g 低弹平布 54""",,未来蓝107-64-28,Y
24FB01246,"白色 250g 佳积布 升华转印黑色底蓝色年轮线条 54""",,升华转印黑色底蓝色年轮线条,Y
24FB01295,"海盐色Chalk 036-90-02 250g 组织布 54""",,海盐色036-90-02,Y
24IM00286,"激光粉Laster Pink AF2C 佳积布54"" 250g",,激光粉AF2C,Y
24IM00289,"灰黑色Jet Black 19-0303TPX 佳积布 54"" 250g",,灰黑色19-0303TPX,Y
24IM00290,"葡萄叶Grape Leaf 19-0511TCX 佳积布 54"" 250g",,葡萄叶19-0511TCX,Y
24IM00294,"太妃粉Dusty Rose 154-63-12 佳积布 54"" 250g",,太妃粉154-63-12,Y
24IM00311,"白色109-98-01 佳积布 54"" 80g大白",,白色109-98-01,Y
24IM00329,"海盐色Chalk 036-90-02 佳积布54"" 80g",,海盐色036-90-02,Y
24MS02049,"激光粉Laster Pink AF2C D027纹250-260g 单层网布 54""",,激光粉AF2C,Y
24MS02062,"灰黑色Jet Black 19-0303TPX D027纹 250-260g 单层网布54""",,灰黑色19-0303TPX,Y
24MS02064,"太妃粉Dusty Rose 154-63-12 D027纹 250-260g 单层网布54""",,太妃粉154-63-12,Y
24MS02066,"蓝色ADWW D027纹 250-260g 单层网布 54""",,蓝色ADWW,Y
24MS02158,"海盐色Chalk 036-90-02 K106 230-250g 单层网布 54""",,海盐色036-90-02,Y
24IM00321,"雾粉色Frosted Berry 152-85-11佳积布 54"" 80g",,雾粉色152-85-11,Y
24MS02196,"米奶色11-0107TPG YSK133纹220g 单层网布 54""",,米奶色11-0107TPG,Y
WS001354,420G/Y 米色12-0104TPG YS028三明治400 54″,,米色12-0104TPG,码
WD003525,"280G/Y暗棕19-1103TPG YS-065M单网54""",,暗棕19-1103TPG,码
WD003526,"280G/Y深棕19-0912TPG YS-065M单网54""",,深棕19-0912TPG,码
WD003527,"280G/Y黑YS-065M单网54""耐汗",,黑色,码
WN000132,"城堡灰19-0203TPG YS960D加密牛津布上防脱纱（厂商直上）54""",,城堡灰19-0203TPG,码
WN000199,"YS960D暗棕19-1103TPG加密牛津布防脱纱（厂家直上）54""",,暗棕19-1103TPG,码
WN000200,"YS960D茶棕色17-1314TPG加密牛津布防脱纱（厂家直上）54""",,茶棕色17-1314TPG,码
24MS02080,"白色109-98-01 YSK2360纹 400g 双心三层网 59""",,白色109-98-01,Y
24MS02082,"白色109-98-01 镂空圆孔YS0391纹 310-320g 单层网布 54""",,白色109-98-01,Y
24MS02103,"黑色139-18-00 镂空圆孔YS0391纹 310-320g 单层网布 54""",,黑色139-18-00,Y
24MS02104,"黑色139-18-00 YSK2360纹 400g 双心三层网 59""",,黑色139-18-00,Y
24MS02106,"灰白色Mist Grey 017-79-00 YSK2360纹 400g 双心三层网 59""",,灰白色017-79-00,Y
24MS02109,"胜利蓝Vector Navy 126-21-11 YSK2360纹 400g 双心三层网 59""",,胜利蓝126-21-11,Y
24MS02110,"月色Moon 120-84-00 YSK2360纹 400g 双心三层网 59""",,月色120-84-00,Y
24MS02111,"柔软蓝Soft Blue 112-75-11 YSK2360纹 400g 双心三层网 59""",,柔软蓝112-75-11,Y
24MS02112,"柔软蓝Soft Blue 112-75-11 镂空圆孔YS0391纹 310-320g 单层网布 54""",,柔软蓝112-75-11,Y
24MS02113,"灰白色Mist Grey 017-79-00 镂空圆孔YS0391纹 310-320g 单层网布 54""",,灰白色017-79-00,Y
24MS02114,"胜利蓝Vector Navy 126-21-11 镂空圆孔YS0391纹 310-320g 单层网布 54""",,胜利蓝126-21-11,Y
24MS02115,"月色Moon 120-84-00 镂空圆孔YS0391纹 310-320g 单层网布 54""",,月色120-84-00,Y
20IM00391,"白色 佳绩布 54"" 120g",,白色,Y
C0501971,"YS020M 加密真美布 250g 54"" 036-90-02米白",,036-90-02米白,码
C0502962,"DJ132 POLYPAG 单层网布 240g 54"" 036-90-02米白-A",,036-90-02米白-A,码
B0101376,"YS-057M拉毛四弹布 54"" 139-18-00黑",,139-18-00黑,码
C0100301,"CL24186三明治网 54"" 118-30-29蓝",,118-30-29蓝,码
C0100325,"CL24154纹 430g 三明治网布 A-01 54"" 119-35-20蓝",,119-35-20蓝,码
C0100355,"YS-028 三明治网 54"" 117-38-09蓝",,117-38-09蓝,码
C0100356,"YS-028 三明治网 54"" 126-21-11蓝",,126-21-11蓝,码
C0100420,"CL24186三明治网 54"" 152-85-11粉",,152-85-11粉,码
C0100520,"CL24186三明治网 54"" 000-64-00灰色",,000-64-00灰色,码
24MS02282,"白色109-98-01 K106/DJT 1834 FLECK TEX纹 单层网布 54"" 耐黄",,白色109-98-01,Y
24MS02368,"月石色Moonstone 024-71-03 354纹 280-290g 单层网 54""",,月石色024-71-03,Y
24MS02369,"月石色Moonstone 024-71-03 K106/DJT 1834 FLECK TEX纹 单层网布 54""",,月石色024-71-03,Y
WD000572,"350G 光亮白色 拉毛四面弹54""",,光亮白色,码
17FB00859,"黑色 佳积布 180g 54""",,黑色,Y
21IM00618,"黑色 佳积布 54"" 180g",,黑色,Y
23FB00838,"黑色 DJ132 240g 单层网布54""",,黑色,Y
24FB01115,"深咖色19-0915TPG BA22198-1 三明治网布 54""",,深咖色19-0915TPG,Y
24MS01906,"深咖色19-0915TPG BA22198-2 单层网布 54""",,深咖色19-0915TPG,Y
23MS00038,"茶麦色Beige 2 13-0401TPG 220g BK网布 54""",,茶麦色13-0401TPG,Y
24MS01568,"黑色 RM859-D纹 三层网 54""",,黑色,Y
24MS01571,"新红色Scarlet RM859-D纹 三层网 54""",,新红色,Y
24MS01936,"古蓝色16-4018TPG 220g BK网布54""",,古蓝色16-4018TPG,Y
24MS01938,"古蓝色16-4018TPG RM859-D纹 三层网 54""",,古蓝色16-4018TPG,Y
24MS01939,"蛋白色Eggnog12-0601TPG RM859-D纹 三层网 54""",,蛋白色12-0601TPG,Y
24IM00360,"黑色139-18-00 经编佳积布 46"" 150平方克",,黑色139-18-00,Y
24IM00363,"灰白色Mist Grey 017-79-00 经编佳积布 46"" 150平方克",,灰白色017-79-00,Y
25IM00016,"海盐色Chalk 036-90-02 经编佳积布 54"" 250g",,海盐色036-90-02,Y
25IM00017,"豪华灰Luxe Grey 018-85-01 经编佳积布 54"" 250g",,豪华灰018-85-01,Y
25IM00019,"灰色02 Grey-2 000-64-00 经编佳积布 54"" 250g",,灰色000-64-00,Y
25IM00022,"水洗黑Washed Black 002-24-00 经编佳积布 54"" 250g",,水洗黑002-24-00,Y
25IM00025,"月石色Moonstone 024-71-03 经编佳积布 54"" 250g",,月石色024-71-03,Y
25MS00080,"海盐色Chalk 036-90-02 DJ 132/有光K184纹 240g 单层网布 54""",,海盐色036-90-02,Y
25MS00091,"豪华灰Luxe Grey 018-85-01 DJ 132/有光K184纹 240g 单层网布 54""",,豪华灰018-85-01,Y
C0501802,"YS1811 亮光组织布 230g 54"" 136-81-08紫",,136-81-08紫,码
C0501614,"DJ132 POLYPAG 单层网布 240g 54"" 000-73-00灰",,000-73-00灰,码
C0502473,"DJ132 POLYPAG 单层网布 240g 54"" 035-75-06灰",,035-75-06灰,码
C0501460,"DJ132 POLYPAG 单层网布 240g 54"" 036-90-02米白",,036-90-02米白,码
C0502856,"DJ132 POLYPAG 单层网布 240g 54"" 040-85-06黄",,040-85-06黄,码
C0502857,"DJ132 POLYPAG 单层网布 240g 54"" 058-75-09绿",,058-75-09绿,码
C0501882,"DJ132 POLYPAG 单层网布 240g 54"" 154-63-12粉",,154-63-12粉,码
C0502085,"YS003M 经编佳积布 180G 44"" 139-18-00黑",,139-18-00黑,码
C0502194,"YS004M 经编组织布 230G 54"" 136-81-08紫",,136-81-08紫,码
WK000198,"橘色280GK208 54""",,橘色,码
C0501176,"DJ132 POLYPAG 单层网布 240g 54"" 19-0815TPG沙漠棕榈",,19-0815TPG沙漠棕榈,码
WB11269,"230G 黑色K208网布54""",,黑色,码
WB12589,"230G 白色K208网布54""","54""",白色,码
WB4780,"230G 11301 标准黑POLYPAG II 网布54""",,标准黑,码
WD000448,"200G白色莱卡布54""",,白色,码
WD001934,"200G粉色莱卡布54""",,粉色PINKC,码
WD003586,"230G 蓝色POLYPAG PII网布54""",,蓝色3005C,码
WD003587,"200G蓝色莱卡布54""",,蓝色3005C,码
WJ000407,"250G 红粉色佳积布54""",,红粉色,码
WK000240,"230G 粉色K208网布54""",,粉色PINKC,码
WK000241,"230G 蓝色K208网布54""",,蓝色3005C,码
WB16499,"220G 亮白色佳积布CY-D220 JERSEY （100% RECYCLE POLYESTER）58""",,BRIGHTWHITE亮白色,码
WD000301,"180G 椰奶色K209网布54""",,椰奶色,码
WD002273,"180G 淡紫灰色K209网布54""",,淡紫灰13-4105TPG,码
WD002274,300G淡紫灰色提花天鹅绒54'',,淡紫灰13-4105TPG,码
C0501644,"YS004M 经编组织布 230G 54"" 126-21-11蓝",,126-21-11蓝,码
C0501801,"YS1811 亮光组织布 230g 54"" 036-90-02米白",,036-90-02米白,码
C0100895,"YSH6160 三明治网 400g(上防泼水) 54"" 109-98-01白",,109-98-01白,码
C0100896,"YSH6160 三明治网 400g(上防泼水) 54"" 139-18-00黑",,139-18-00黑,码
C0100903,"YSH6160 三明治网 400g 54"" 109-98-01白",,109-98-01白,码
C0100905,"YSH6160 三明治网 400g 54"" 139-18-00黑",,139-18-00黑,码
C0100906,"YSH6160 三明治网 400g 54"" 036-90-02米白",,036-90-02米白,码
C0503589,"YSH5160 单层网布 300g 54"" 139-18-00黑",,139-18-00黑,码
C0503591,"YSH5160 单层网布 300g 54"" 109-98-01白",,109-98-01白,码
C0503598,"YSH5160 单层网布 300g 54"" Pantong 4138C蓝",,4138C蓝,码
C0503599,"YSH5160 单层网布 300g 54"" Pantone 4010C橙",,4010C橙,码
C0503600,"YSH5160 单层网布 300g 54"" 036-90-02米白",,036-90-02米白,码
C0503605,"YS7032网纱 170g(上树脂) 54"" 透明",,透明,码
C0503606,"YS7032网纱 170g(上树脂) 54"" 透明黑",,透明黑,码
C0503618,"YSH5160 单层网布 300g 54"" 026-28-00深灰",,026-28-00深灰,码
C0503619,"YSH5160 单层网布 300g 54"" 112-63-00灰",,112-63-00灰,码
23MS01440,"豆腐色11-4801TPG YSK133纹220g 单层网布 54""",,豆腐色11-4801TPG,Y
24MS01401,"月蓝色11-4601TPG YSK133纹220g 单层网布 54""",,月蓝色11-4601TPG,Y
23MS02170,"珊瑚绿7722C DH1503小圆点 网布54""",,珊瑚绿7722C,Y
23MS02171,"珊瑚绿7722C 220g 佳绩布 54""",,珊瑚绿7722C,Y
25MS00238,"霓虹绿802C DH1503小圆点 网布54""",,霓虹绿802C,Y
25MS00239,"玫红806U DH1503小圆点 网布54""",,玫红806U,Y
25MS00235,"蓝色282C DH1503小圆点 网布54""",,蓝色282C,Y
25MS00236,"蓝色282C 220g 佳绩布 54""",,蓝色282C,Y
22IM00398,"白色 DH1503小圆点 网布 54""",,白色,Y
WJ000462,"250G白色组织布58""",,白色,码
17FB00168,"黑色 80g 佳积布 54""",,黑色,Y
25FB00176,"沙土灰12-6204TPG 80g 佳积布54""",,沙土灰12-6204TPG,Y
25FB00178,"米奶色11-0107TPG 80g 佳积布54""",,米奶色11-0107TPG,Y
25FB00181,"草嫩色12-0109TPG 80g 佳积布54""",,草嫩色12-0109TPG,Y
WD003598,"260G黑色新样布54""",,黑色,码
201M00510,"黑色 低弹平布 54"" 220g",,黑色,码
WD003380,"180G 蒸汽蓝色K209网布54""",,蒸汽蓝14-4203TPG,码
24MS02284,"海盐色Chalk 036-90-02 K106/DJT 1834 FLECK TEX纹 单层网布 54"" 耐黄",,海盐色036-90-02,Y
WD003611,"160G淡蓝色D01网布54""",,淡蓝色,码
WD003612,"160G白色D01网布54""",,白色/米白,码
WD003613,160G黑色D01网布54”,,黑色,码
WJ000157,"180G白色佳积布54""",,白色,码
24IM00213,"腐黄色16-0545TPGK106 经编里布 54"" 220g",,腐黄色16-0545TPG,Y
24IM00214,"鹿皮棕15-1308TPGK106 经编里布 54"" 220g",,鹿皮棕15-1308TPG,Y
24FB01044,"黑色 天鹅绒 54""",,黑色,Y
24FB01286,"深灰色18-4006TPG 真美布 54""",,深灰色18-4006TPG,Y
24FB01287,"瓷器棕18-1320TPG 真美布 54""",,瓷器棕18-1320TPG,Y
24FB01308,"月蓝色11-4601TPG 150g 天鹅绒54""",,月蓝色11-4601TPG,Y
24FB01309,"暖沙色15-1214TPG 天鹅绒 54""",,暖沙色15-1214TPG,Y
24MS01414,"浅灰色12-0404TPX YSK133纹220g 单层网布 54""",,浅灰色12-0404TPX,Y
24MS01447,"南极灰13-4104TPG XF-3066纹 单层网布 54""",,南极灰13-4104TPG,Y
24MS01448,"南极灰13-4104TPG YSK133纹220g 单层网布 54""",,南极灰13-4104TPG,Y
24MS02185,"白帽灰12-0304TPG XF-3066纹 单层网布 54""",,白帽灰12-0304TPG,Y
24MS02186,"白帽灰12-0304TPG YSK133纹220g 单层网布 54""",,白帽灰12-0304TPG,Y
18FB00410,"黑色 150g 天鹅绒 54""",,黑色,Y
12IM00139,"黑色 真美布 54""",,黑色,Y
23MS00184,"黑色 XF-3066纹 单层网布 54""",,黑色,Y
18MS00443,"220G白色低弹平布54""",,白色,码
WS001278,"380G米白色Y6102三明治网布54""",,米白色,码
WD003617,160G咖色D01网布54”,,咖色,码
WD003618,160G棕色D01网布54”,,棕色,码
WD003619,160G淡紫色D01网布54”,,淡紫色,码
WD003621,160G骨白色D01网布54”,,骨白色,码
WD001721,"250G/Y 奶油色11-0103TPG半光莱卡布54""",,奶油色11-0103TPG,码
WJ000252,"250G/Y 11-0103TPG奶油色 佳积布54""",,11-0103TPG奶油色,码
WS000703,"450G/Y 11-0103TPG奶油色 YS5515三层网54""",,11-0103TPG奶油色,码
WD003616,"260G白色新样布54""",,白色,码
WJ000465,"250G大白色佳积布54""",,大白色,码
23MS00029,"黑色 HSW32 P6纹 单层网布54""",,黑色,Y
24MS00618,"米白色11-0701TPG HSW32 P6纹 单层网布 54""",,米白11-0701TPG,Y
24MS01695,"米黄色7527C HSW32 P6纹 单层网布 54""",,米黄色7527C,Y
24MS02152,"浅土棕 HSW32 P6纹 单层网布54""",,浅土棕,Y
23FB01357,"烏鴉咖(19-0000 TPG) 毛巾布54""",,烏鴉咖19-0000TPG,Y
16IM00985,"黑色 毛巾布 54""",,黑色,Y
18FB00379,"佳积布 200G 54""黑色",,黑色,Y
09FB80006,"6安 黑色 帆布 54""",,黑色,Y
12FB00129,"6安 白色 帆布 54""",,白色,Y
WD003248,"180G 豆腐色K209网布54""",,豆腐色11-4801TPG,码
WD003591,"180G 黑牡蛎色K209网布54""",,黑牡蛎19-0205TPG,码
WS001399,"银灰色 YD-D497-22E-F网布54""",,银灰色14-4501TPG,码
WS001400,"鲨鱼灰色 YD-D497-22E-F网布54""",,鲨鱼灰17-3914TPG,码
WD003642,160G红色D01网布54”,,红色,码
WD003643,160G蓝色D01网布54”,,蓝色,码
WD003644,160G米白色D01网布54”,,米白色11-0104TCX,码
24FB00713,"白色 180g 佳绩布 54""",,白色,Y
24MS00839,"黑色 YS-125纹 310g 粗网 54""",,黑色,Y
24MS01316,"月岩灰14-4201TPG YS-125纹310g 粗网 54""",,月岩灰14-4201TPG,Y
24MS01318,"米黄色12-5202TPG YS-125纹310g 粗网 54""",,米黄色12-5202TPG,Y
24MS01321,"橘卡其17-1325TPG YS-125纹310g 粗网 54""",,橘卡其17-1325TPG,Y
24FB01035,"古白色11-0105TPG YS1066纹230g 平布 54""",,古白色11-0105TPG,Y
24FB00771,"8安 暖褐色(16-1318 TPG) 帆布 54""",,暖褐色16-1318TPG,Y
24MS01216,"淺沙褐(14-1210 TPG) YS-0731 三明治网布 54""",,淺沙褐14-1210TPG,Y
17FB00694,"白色 80g 佳积布 54""",,白色,Y
24MS02166,"太妃粉Dusty Rose 154-63-12 LY-YG1190纹 YS1190纹 250g 小四方泡布 54""",,太妃粉154-63-12,Y
24MS02178,"绿光色Green Glow 070-88-46 K208 240g BK网布 54""",,绿光色070-88-46,Y
24MS02179,"柠檬黄Acid Yellow-R 053-79-38 K208 240g BK网布 54""",,柠檬黄053-79-38,Y
24MS02181,"数码蓝Digital Blue 105-74-21 K208 240g BK网布 54""",,数码蓝105-74-21,Y
24MS02191,"复古红Retro Red 011-27-26 K208 240g BK网布 54""",,复古红011-27-26,Y
25MS00245,"白色109-98-01 K208 240g BK网布 分化 柠檬黄Acid Yellow-R 053-79-38图案 54""",,分化柠檬黄AcidYellow-R053-79-38图案,Y
24FB01270,"学院粉Studio Pink 155-45-20 300g 天鹅绒 54""",,学院粉155-45-20,Y
24FB01271,"生长绿Upgrade Green 074-53-20 300g 天鹅绒 54""",,生长绿074-53-20,Y
24MS02161,"学院粉Studio Pink 155-45-20 DJ 132/有光K184纹 240g 单层网布 54""",,学院粉155-45-20,Y
24MS02162,"生长绿Upgrade Green 074-53-20 DJ 132/有光K184纹 240g 单层网布 54""",,生长绿074-53-20,Y
24IM00328,"生胶棕Synth Gum 01 029-61-15佳积布 54"" 80g",,生胶棕029-61-15,Y
物科编号 24MS00911,"婴黑(19-5005TPG)YS-0731三明治网布54""",,墨黑19-5005TPG,Y
24MS00911,"墨黑(19-5005TPG) YS-0731 三明治网布 54""",,墨黑19-5005TPG,Y
24FB00675    08,"8安开心果(12-0110TPG)帆布54""",,开心果12-0110TPG,Y
23MSO1511    1-36,"深灰(18-0201 TPG)三明治网布54""",,深灰18-0201TPG,Y
23MS01057    3,"法橡木13-0400 TPG三明治网布54""",,法橡木13-0400TPG,Y
23MSO1056    1-1,"雨竹灰15-4101TPX YS-0731三明治网布54""",,雨竹灰15-4101TPX,Y
23FB00621   -63,"8安 島嶼青(15-5425 TPG) 帆布54""",,島嶼青15-5425TPG,Y
WJ000025,"180G棕色佳积布58""",,棕色,码
25FB00108,"白色 DJ132 单层网布 54""",,白色,Y
25MS00274,"黑色 DC32 三层网 54""",,,Y
24MS02280,"黑色139-18-00 K106/DJT 1834 FLECK TEX纹 单层网布 54""",,黑色139-18-00,Y
24FB01169,"卡其色 YS1066纹 230g 平布54""",,卡其色,Y
24IM00265,"卡其色 佳绩布 54"" 80g",,卡其色,Y
24MS01986,"卡其色 YSK055纹 单层网布54""",,卡其色,Y
24MS02150,"卡其色 200g 小米通布 54""",,卡其色,Y
24MS02151,"传统蓝16-4127TPG 200g 小米通布 54""",,传统蓝16-4127TPG,Y
WD000164,"200G黑色D02网布54""",,黑色,码
WD001584,"200G灰色D02网布54""",,灰色,码
WD001585,"200G燕麦色D02网布54""",,燕麦色,码
WD001586,"200G白色D02网布54""",,白色,码
25IM00015,"复古绿Retro Teal 094-32-15 经编佳积布 54"" 250g",,复古绿094-32-15,Y
25IM00018,"黑莓色Black Cherry 159-23-15 经编佳积布 54"" 250g",,黑莓色159-23-15,Y
25MS00084,"盛怒粉Passion Pink 160-61-28 DJ 132/有光K184纹 240g 单层网布 54""",,盛怒粉160-61-28,Y
25MS00088,"正黄色Golden Haze 037-81-37 DJ 132/有光K184纹 240g 单层网布 54""",,正黄色037-81-37,Y
22IM00270,"白色 YS-K086 网布 54"" 280g-290g 耐黄",,白色,Y
22IM00327,"白色 加密真美布 54"" 250g",,白色,Y
25FB00257,"混沌绿 071-65-06 250g 加密真美布 54""",,混沌绿071-65-06,Y
25MS00311,"混沌绿 071-65-06 YS-K086 310g 单层网布 54""",,混沌绿071-65-06,Y
25FB00256,"米色036-90-02 250g 加密真美布 54""",,米色036-90-02,Y
25MS00310,"米色036-90-02 YS-K086 280g-290g 单层网布 54""",,米色036-90-02,Y
25FB00216,"中国红18-1663TPG 260g 加密真美布 54""",,中国红18-1663TPG,Y
25MS00313,"中国红18-1663TPG YS-K086 310g 单层网布 54""",,中国红18-1663TPG,Y
25MS00318,"米白036-90-02 LJA2063 单层网布 54""",,米白036-90-02,Y
25MS00319,"米白036-90-02 K106/DJT 1834 FLECK TEX纹 单层网布 54"" 耐黄",,米白036-90-02,Y
25MS00321,"雾粉色152-85-11 K106/DJT 1834 FLECK TEX纹 单层网布 54""",,雾粉色152-85-11,Y
25MS00323,"豪华灰 Luxe Grey 018-85-01 354纹 280-290g 单层网布 54""",,豪华灰018-85-01,Y
25MS00325,"雾粉色152-85-11 354纹 280-290g 单层网布 54""",,雾粉色152-85-11,Y
25MS00326,"灰色000-47-00 K106/DJT 1834 FLECK TEX纹 单层网布 54""",,灰色000-47-00,Y
WD002484,"180G 灰色汗衣布54""",,427C灰,码
WS000962,"380G黑色 YD-0731三明治网布上树脂54""",,黑色,码
DC01803272,"黑色 FMD-F2-066网布54""",,黑色,码
24MS01993,"金钟粉15-2718TCX LY-TS1595 200g 环保内里单层网布 54""",,金钟粉15-2718TCX,Y
25MS00065,"乳白色Chic Cream LY-TS1595 200g 环保内里单层网布 54""",,乳白色,Y
25FB00278,"灰色000-55-00 180g 丝光布 54""",,灰色000-55-00,Y
12IM00058,"黑色 丝光布 54"" 120g",,黑色,Y
20MS00668,"黑色 180g 丝光布 54""",,黑色,Y
10IM00273,"白色 丝光布 54"" 120g",,白色,Y
25FB00279,"黑色139-18-00 条纹 三明治网布 54""",,黑色139-18-00,Y
25FB00276,"灰色03 Grey-3 000-55-00 条纹 三明治网布 54""",,灰色000-55-00,Y
24MS02134,"朦胧紫Twilight Purple 128-34-13 D01 230-250g 单层网布 54""",,朦胧紫128-34-13,Y
24MS02095,"柠绿色Solar Lime-R 064-84-51 D01 230-250g 单层网布 54""",,柠绿色064-84-51,Y
24MS02099,"浅杏粉Washed Clay 022-81-13 D01 230-250g 单层网布 54""",,浅杏粉022-81-13,Y
24MS02100,"珊瑚粉Supercharged Coral 014-61-30 D01 230-250g 单层网布 54""",,珊瑚粉014-61-30,Y
24MS02094,"胜利蓝Vector Navy 126-21-11 D01 230-250g 单层网布 54""",,胜利蓝126-21-11,Y
24MS02098,"太妃粉Dusty Rose 154-63-12 D01 230-250g 单层网布 54""",,太妃粉154-63-12,Y
24MS02081,"优秀蓝Optimum Blue 118-34-36 D01 230-250g 单层网布 54""",,优秀蓝118-34-36,Y
24MS02097,"月色Moon 120-84-00 D01 230-250g 单层网布 54""",,月色120-84-00,Y
WD001135,"180G 白色丝光布54""",,白色,码
WD001136,"200G白色D01网布54""",,白色,码
WS000496,"300G白色ZSQ21-002三明治网布54""",,白色,码
21FB00202,"黑色 180g 丝光布 54""",,黑色,Y
24MS00916,"乌黑色19-0303TPG YS360纹 350g大星点弹力网布 54""",,乌黑色19-0303TPG,Y
24FB00336,"黑色 短毛绒 54""",,黑色,码
24FB01068,"燕麦色14-1208TPG 180g 丝光布54""",,燕麦色14-1208TPG,Y
24FB01371,"燕麦色14-1208TPG 短毛绒 54""",,燕麦色14-1208TPG,Y
25FB00191,黑色 KNP022RP纹 131g/m2 100% NYLON 148CM,,黑色,Y
25FB00192,白色 KNP022RP纹 131g/m2 100% NYLON 148CM,,白色,Y
23MS00419,"黑色 YS220F纹 200g 单层网布54""",,黑色,Y
23MS00424,"黑色 YS5212T纹 420g 三层网布44""",,黑色,Y
24MS01742,黑色 2Y044纹 255g/m2 单层网纱（雾面哑光）,,黑色,Y
24MS01743,燕麦色14-1208TPG 2Y044纹255g/m2 单层网纱（雾面哑光）,,燕麦色14-1208TPG,Y
24MS01385,"毛毛灰14-4500TPG YS360纹 350g大星点弹力网布 54""",,毛毛灰14-4500TPG,Y
WB11529,"黑色210D尼龙牛津布58""",,黑色,码
24IM00126,"白色 佳绩布 54""120g防虹吸",,白色,Y
24IM00127,"黑色 佳绩布 54""120g防虹吸",,黑色,Y
18FB00589,"黑色150g佳积布 54""",,黑色,Y
25FB00201,白色 150g 天鹅绒 54“,,白色,Y
25FB00202,"迷雾灰14-4203TPG 180g 天鹅绒54""",,迷雾灰14-4203TPG,Y
WJ000029,"180G深蓝色佳积布58""",,深蓝,码
WD003032,"230G 南极灰色K209网布54""",,南极灰色,码
WD003035,"230G 黑色K209网布54""",,黑色,码
WS001219,"360-380G 南极灰色YS2167R三层网布高温预缩54""",,南极灰色,码
WS001223,"360-380G 黑色YS2167R三层网布高温预缩54""",,黑色,码
WD003033,"230G 米白色K209网布54""",,米白色,码
WJ000468,"180G白色佳积布58""",,白色,码
WS001221,"360-380G 米白色YS2167R三层网布高温预缩54""",,米白色,码
WD003680,"180G紫红色 K209网布54""",,紫红色19-1725TPG,码
16IM00207,"黑色 佳积布 56"" 120g",,黑色,码
23FB01063,"黑色 毛巾布 54"" 260g",,黑色,码
23FB01064,"绿色AF9E 毛巾布 54"" 260g",,绿色AF9E,码
23MS01968,"米褐色17-1316TPG  CL22045  三明治网布 550g 54""",,米褐色17-1316TPG,码
25FB00477,"米白036-90-02 250g 毛巾布 54""",,米白036-90-02,Y
25FB00478,"月石色024-71-03 毛巾布 54"" 250g",,月石色024-71-03,码
25MS00425,黑色139-18-00 CL22149纹 三层网,,黑色139-18-00,码
25FB00305,"黑色139-18-00 毛巾布 54"" 250g",,黑色139-18-00,码
25FB00494,"深栗色011-26-21 毛巾布 54"" 250g",,深栗色011-26-21,码
25FB00498,"气味紫16-3911TPG 250g 毛巾布54""",,气味紫16-3911TPG,Y
25MS00430,"米白11-4300TPG 250g 毛巾布54""",,米白11-4300TPG,Y
24MS00570,"白色109-98-01 CL24029三层网  54"" 550g",,白色109-98-01,码
25MS00407,"白色109-98-01 CL22045三层网  54"" 550g",,白色109-98-01,码
24FB00100,"灰色ADHD 260g 毛巾布 54""",,灰色ADHD,Y
24MS00204,"灰色ADHD CL24029三层网  54"" 550g",,灰色ADHD,Y
24MS00205,"灰色ADHE CL24029 550g 三层网 54""",,灰色ADHE,Y
25MS00431,"米白11-4300TPG CL24029 550g 三层网 54""",,米白11-4300TPG,Y
WD002113,"380G光亮白色YS5736网布54""",,光亮白色,码
WD002118,"350G 墨青蓝色 拉毛四面弹54""",,墨青蓝色,码
WD002119,"350G 宝瓶蓝色 拉毛四面弹54""",,宝瓶蓝16-4530TPG,码
WD002121,"350G 深紫色 拉毛四面弹54""",,深紫2715U,码
WD002122,"380G玛瑙黑色YS5736网布54""",,玛瑙黑19-4006TPG,码
25MS00398,"黑色 YS571 530g 网布 54"" 防虹吸",,黑色,Y
25MS00409,"黑色139-18-00 YS5908纹 380g 小圆孔三明治 54""防虹吸",,黑色139-18-00,Y
25MS00410,"黑色139-18-00 YS7077 单层网布 54""",,黑色,Y
25FB00461,"红色009-39-36 FMD-F2-066 格子布 54”防虹吸""",,红色009-39-36,Y
25MS00397,"灰色000-64-00 YS571 530g 网布 54""",,灰色000-64-00,Y
25FB00465,休闲蓝115-61-07 FMD-F2-066 格子布 54”防虹吸,,休闲蓝115-61-07,Y
25MS00402,"暮光蓝119-35-20 YS571 网布 530g 54""防虹吸",,暮光蓝119-35-20,Y
25FB00472,紫色136-81-08 FMD-F2-066 格子布 54”防虹吸,,紫色136-81-08,Y
25MS00404,"砂砾灰027-51-04 YS571 网布 530g 54""防虹吸",,砂砾灰027-51-04,Y
25MS00406,"深灰029-39-08 YS571 网布 530g 54""防虹吸",,深灰029-39-08,Y
25MS00365,"黑色139-18-00 YS22507 380g 小圆孔三明治 54""",,黑色139-18-00,Y
25MS00366,"蓝色126-21-11 YS22507 380g 小圆孔三明治 54""",,蓝色126-21-11,Y
25MS00367,"白色109-98-01 YS22507 380g 小圆孔三明治 54"" 耐黄",,白色109-98-01,Y
WD003742,"YS2323 19-0508深灰色猫舌布54""",,深灰,码
WD003743,"YS2323米白色猫舌布54""",,米白,码
WD003744,YS2323黑色猫舌布54″,,黑色,码
WD003293,"220G 蕾丝白色亚光四面弹54""",,蕾丝白色,码
WD002886,"220G 黑色亚光四面弹54""",,黑色,码
25FB00250,"黑色 DJT-1834 单层网布 54""",,黑色,Y
25FB00258,"粉色011-87-11 DJT-1834 单层网布 54""",,粉色011-87-11,Y
25FB00259,"米白036-90-02 DJT1834纹 单层网布 54""",,米白036-90-02,Y
25FB00420,白色109-98-01 LJA2063 单层网布 54“ 耐黄,,白色109-98-01,Y
25FB00421,胜利蓝126-21-11 YS640单层网230g 54“,,胜利蓝126-21-11,Y
25FB00422,胜利蓝126-21-11 YS1089 单层网320g 54“,,胜利蓝126-21-11,Y
25FB00423,"胜利蓝126-21-11 YS2260 单层网布 54""",,胜利蓝126-21-11,Y
25FB00425,黑色139-18-00 YS640单层网230g 54“,,黑色139-18-00,Y
25FB00426,黑色139-18-00 YS1089 单层网320g 54“,,黑色139-18-00,Y
25FB00427,"黑色139-18-00 YS2260 单层网布54""",,黑色139-18-00,Y
25MS00312,"米白036-90-02 YH M 354纹 280-290g 单层网布 54"" 耐黄",,米白036-90-02,Y
WS001431,"320G 白色YSD137加厚内里布54""","54""",白色,码
WS001432,"320G 黑色YSD137加厚内里布54""",,黑色,码
24IM00270,"白色109-98-01 佳积布 54"" 220g",,白色109-98-01,Y
24MS02077,"制服蓝Uniform Blue AF9Q D027纹 250-260g 单层网布 54""",,制服蓝AF9Q,Y
25FB00440,"海军绿056-35-06 DJT1834纹 单层网布 54""",,海军绿056-35-06,Y
25FB00441,"海军蓝ADWU YH M 354纹 280-290g 单层网布 54""",,海军蓝ADWU,Y
25FB00442,"海军蓝ADWU DJT1834纹 单层网布 54""",,海军蓝ADWU,Y
25FB00443,"雾蓝106-55-05 YH M 354纹 280-290g 单层网布 54""",,雾蓝106-55-05,Y
25FB00444,"雾蓝106-55-05 DJT1834纹 单层网布 54""",,雾蓝106-55-05,Y
25FB00445,"灰色ADHE YH M 354纹 单层网布 54""",,灰色ADHE,Y
25FB00446,"灰色ADHE DJT1834纹 单层网布 54""",,灰色ADHE,Y
23FB00605,"8安 橙子橘(15-1247 TPG) 帆布 54""",,橙子橘15-1247TPG,Y
23MS01510,"三明治网布 54""黑夜藍(19-4023TPG)",,黑夜藍19-4023TPG,Y
24MS00873,"白色 YRDC230220-61 三明治网布54""纸质补单号：0510-1越",,白色,Y
24MS00454,"黑色 压圆点三层梭织网布 54""",,黑色,码
24FB00850,"毛毛灰14-4500TPG 低弹平布54""",,毛毛灰14-4500TPG,码
24FB00737,"青芒绿18-0317TPG 低弹平布54""",,青芒绿18-0317TPG,码
24MS01000,"青芒绿18-0317TPG 压圆点三层梭织网布 54""",,青芒绿18-0317TPG,码
24MS01384,"毛毛灰14-4500TPG 压圆点三层梭织网布 54""",,毛毛灰14-4500TPG,码
24FB00395,"黑色 长毛绒 54""",,黑色,码
24FB01373,"毛毛灰14-4500TPG 长毛绒54""",,毛毛灰14-4500TPG,码
24FB00095,"黑色 YRDC23022-61 三明治网布 54""",,黑色,Y
24FB00678,"6安 海盗黑19-4305TPG 帆布 54""",,海盗黑19-4305TPG,Y
24MS00854,"黑色 YRDC230220-61 三明治网布 54""",,黑色,Y
24MS01905,"深咖色19-0915TPG YRDC230220-61 三明治网布 54""",,深咖色19-0915TPG,Y
16IM00998,"黑色 低弹平布 54""",,黑色,Y
WD001729,280G/Y黑曜石19-3902TPG YS-065M单网54“,,黑曜石19-3902TPG,码
WD002461,280G/Y 蜉蝣绿18-0220TPG  YS-065M单网54“,,蜉蝣绿18-0220TPG,码
WN000123,"循环灰17-1508TPG YS960D加密牛津布上防脱纱（厂商直上）54""",,循环灰18-5204TPG,码
WN000129,"蜉蝣绿18-0220TPG YS960D加密牛津布上防脱纱（厂商直上）54""",,蜉蝣绿18-0220TPG,码
25FB00439,"海军绿056-35-06 YH M 354纹 280-290g 单层网 54""",,海军绿056-35-06,Y
22IM00403,"豆腐色11-4801TPG BK网布 54""280g",,豆腐色11-4801TPG,Y
24MS01855,"藏青色19-4111TPG 280g BK网布54""",,藏青色19-4111TPG,Y
22MS00806,"黑色 280g BK网布 54""",,黑色,Y
24FB00363,"8安 灰紫色(15-1607 TPG) 帆布54""",,灰紫色15-1607TPG,Y
24MS01457,"极度灰(17-5104 TPG) 220g K208/BK布 54""",,极度灰17-5104TPG,Y
WJ000028,"180G深灰色佳积布58""",,深灰,码
24MS00148,"2mm 黑色 平板弹力三层网54""0001165",,黑色,Y
24IM00259,"亮黄色 佳绩布 54"" 80g",,亮黄色,Y
25MS00451,"亮黄色 YS745纹 大孔单层网布54""",,亮黄色,Y
25IM00011,"黑色139-18-00 经编佳积布 54"" 250g",,黑色139-18-00,Y
25MS00447,"怀旧白Vintage Chalk 038-90-04 DJ132/有光K184 240g 单层网布 54""",,怀旧白038-90-04/米黄,Y
24MS00634,"白色 120g 佳积布 54"" 耐黄",,白色,Y
WJ000481,"220G 棕色佳积布54""",,棕色,码
WJ000482,"220G深蓝色佳积布54""",,NAVY深蓝色,码
WJ000483,"220G黑色佳积布54""",,黑色,码
WJ000484,"250G 深蓝色佳积布54""",,NAVY深蓝色,码
WJ000486,"220G深棕色佳积布54""",,深棕色,码
WJ000487,"250G 深棕色佳积布54""",,#DKBROWN深棕色,码
25FB00424,"白色11-0601TPG YS1066纹 230g平布 54""",,白色11-0601TPG,Y
23MS02209,"精灵绿18-6022TPG YSK055纹 单层网布 54""",,精灵绿18-6022TPG,Y
24IM00032,"精灵绿18-6022TPG 佳绩布 54""80g",,精灵绿18-6022TPG,Y
25IM00013,"淡黄土Muted Clay 024-75-07 经编佳积布 54"" 250g",,淡黄土024-75-07,Y
25IM00020,"黏土粉Pink Clay 020-58-11 经编佳积布 54"" 250g",,黏土粉020-58-11,Y
25MS00081,"淡黄土Muted Clay 024-75-07 DJ 132/有光K184纹 240g 单层网布 54""",,淡黄土024-75-07,Y
Z24053-30,"白色 220g 低弹平布 54"" 分化黑色+橘色16-1462TPX图案",,分化黑色+橘色16-1462TPX图案,Y
WJ000471,"220G绿色佳积布56""",,绿色,码
WD000508,"350G 玛瑙黑色 拉毛四面弹54""",,玛瑙黑色,码
WD002116,"380G墨青蓝色YS5736网布54""",,墨青蓝色,码
WD002120,"350G 幽蓝色 拉毛四面弹54""",,幽蓝,码
25MS00113,"决赛蓝S.F.Cyan 107-57-24 K106/DJT 1834 FLECK TEX纹 单层网布 54""",,决赛蓝107-57-24,Y
25MS00494,"运动紫Movement Purple 134-31-12 DJ132 240g 单层网布 54""",,运动紫134-31-12,Y
23IM00571,"青柠绿Bleached Lime Glo 059-99-40 有光莱卡 54"" 180g",,"青柠绿059-
99-40",Y
WD003775,"深棕色SX17793网布54""",,#DKBROWN深棕色,码
WD003776,"黑色SX17793网布54""",,黑色,码
24MS01807,"浅卡其16-0205TPG YSK133纹220g 单层网布 54""",,浅卡其16-0205TPG,Y
WD003841,"250G 深蓝色莱卡布54""",,深蓝色,码
WJ000518,"220G 深蓝色佳积布54""",,深蓝色,码
24IM00295,"胜利蓝Vector Navy 126-21-11 佳积布 54"" 180g",,胜利蓝126-21-11,Y
24IM00299,"黑色139-18-00 佳积布 54""180g",,黑色139-18-00,Y
WD000952,"230G黑色莱卡布54""",,黑色,码
WD003826,"230G 棕色莱卡布54""",,棕色,码
WJ000485,"120G 浅棕色佳积布54""",,浅棕色,码
WH000041,"棕色12安帆布54""",,棕色,码
23FB01008,"8安 雕褐色(14-1310 TPG) 帆布 54""",,雕褐色14-1310TPG,Y
25FB00085,"8安 珍珠藍(14-4206 TPG) 帆布54""",,珍珠藍14-4206TPG,Y
24MS00057,"黑色 130g 佳绩布 54"" 防虹吸",,黑色,Y
WD003864,"410G/Y 深蓝色YSD439网布54""",,深蓝色,码
WD003867,"410G/Y 碳灰色YSD439网布54""",,碳灰色,码
WD003871,"410G/Y 藕粉色YSD439网布54""",,藕粉色,码
WD003872,"410G/Y 鸢尾紫色YSD439网布54""",,鸢尾紫色,码
WD003789,"230G 棕色BK网布54""",,TAN棕色,码
WD003781,"230G 浅灰色BK网布54""",,浅灰,Y
YX24175,HSW32 P6纹 灰色网布  56〃,,灰色,码
25FB00636,"黑色19-0303TPG 210D 加密牛津布 54""",,黑色19-0303TPG,Y
25FB00610,"灰褐色409C 150g 天鹅绒 54"" 消光",,灰褐色409C,Y
24FB00398,"黑色 150g 天鹅绒 54"" 消光",,黑色,Y
23MS01257,"白色 280g BK网布 54""",,白色,Y
18FB00386,"白色 200g 佳积布 54""",,白色,Y
23IM00379,"白色佳积布54""200g",,白色,Y
WD001722,"250G/Y 石灰色19-0201TPG半光莱卡布54""",,石灰色19-0201TPG,码
24MS02101,"黑色139-18-00 D01 230-250g单层网布54""",,黑色139-18-00,Y
24FB00359,"玫瑰粉13-1520TPG 色丁布 54""",,玫瑰粉13-1520TPG,Y
24FB01233,"土水黄11-0507TPG YS1066纹230g 平布 54""",,土水黄11-0507TPG,Y
24FB01174,"浅棕色 YS1066纹 230g 平布54""",,浅棕色,Y
24MS01995,"浅棕色 200g 小米通布 54""",,浅棕色,Y
24MS01996,"陶土棕19-1218TPG 200g 小米通布 54""",,陶土棕19-1218TPG,Y
25FB00463,"黑色 B182-03纹 250g 单层网布 54""",,黑色,Y
XC2-25028MGX-1,"短毛绒 黑色 54""  无氟防虹吸",,黑色,码
XC2-25029MGX-1,"短毛绒 黑色 54""无氟防虹吸",,黑色,码
XC2-25029MGX-2,"短毛绒 黑色 54""无氟防虹吸",,黑色,码
XC2-25028MGX-2,"短毛绒 深豆绿色18-0312TPG 54""无氟防虹吸",,深豆绿色18-0312TPG,码
WD001134,"230G本白色K208网布54""",,本白色,码
WD003145,"230G 亮白色 CY-T3005平织布58""",,亮白色,码
WD003147,"230G 黑色 CY-T3005平织布58""",,黑色,码
WK000282,TPG-16-1508咖色 280G K208 54“,,16-1508TPG咖色,码
WK000283,"TPG-18-5806中豆绿色 280G K20854""",,18-5806TPG中豆绿色,码
24IM00028,"巴巴棕19-1518TPG k106 经编里布54""220g",,巴巴棕19-1518TPG,码
WD002483,"230G白色K209网布57""",,白色,码
WD003921,"230G天蓝色 K209网布55""",,天蓝色14-4210TPG,码
WD003923,"180G天蓝色14-4210TPG K209网布55""",,天蓝色14-4210TPG,码
WD003925,"180G月色13-0000TPG K209网布54""",,月色13-0000TPG,码
WD003926,"200G月色13-0000TPG拉毛四面弹54""",,月色,码
WD003927,"360G月色13-0000TPG XF8001氨纶布54""",,月色,码
WD003929,"180G银灰色14-0000TPG K209网布55""",,银灰色14-4501TPG,码
WD003930,"200G银灰色14-0000TPG拉毛四面弹54""",,银灰色,码
WD003936,"180G深杏色 K209网布55""",,深杏色15-1114TPG,码
WD003937,"180G深杏色 K209网布54""",,深杏色15-1114TPG,码
WD003939,"180G碧绿色 K209网布55""",,碧绿色19-5413TPG,码
WD003940,"180G碧绿色1 K209网布54""",,碧绿色19-5413TPG,码
WD003942,"180G米色 K209网布55""",,米色11-4801TPG,码
WD003943,"180G米色 K209网布54""",,米色11-4801TPG,码
WK000154,"230G/Y 紫灰色14-4103TPG K208网布 54""",,紫灰色14-4103TPG,码
WD001386,"250G白色低弹平布54""",,白色11-0601TPG,码
WD001387,"250G黑色低弹平布54""",,黑色,码
WD003836,"230G岩石灰色莱卡布54""",,14-4201TPG岩石灰色,码
WD003839,"230G浅灰色莱卡布54""",,17-0000TPG浅灰色,码
WJ000529,"150G白色佳积布58""",,白色,码
WJ000530,"150G黑色佳积布58""",,黑色,码
WJ000535,"150G棕色佳积布58""",,棕色,码
WS001543,"320G 冠军蓝色YSD137加厚内里布54""",,19-3922TPG冠军蓝色,码
25MS00752,"自然色11-0606TPG 200g 小米通布 54""",,自然色11-0606TPG,Y
25MS00770,"古白色11-0105TPG 200g 小米通布 54""",,古白色11-0105TPG,Y
24FB01325,"白鹭色11-0103TPG TF18-Q08 220g 磨毛布 54""",,白鹭色11-0103TPG,Y
25FB00611,"紫葡萄19-1716TPG TF18-Q08 220g 磨毛布 54""",,紫葡萄19-1716TPG,Y
24FB00742,"8安 杜巴里紅(17-1647TPG) 帆布 54""",,杜巴里紅17-1647TPG,Y
24FB00784,"8安 淺沙褐(14-1210 TPG) 帆布54""",,淺沙褐14-1210 TPG,Y
24FB01375,"8安 勇猛棕(17-1330 TPG) 帆布54""",,勇猛棕17-1330TPG,Y
24FB01382,"8安 卡其灰(15-1216 TPG) 帆布54""",,卡其灰15-1216TPG,Y
24MS01547,"暖褐色(16-1318 TPG) 220g K208/BK布 54""",,暖褐色16-1318 TPG,Y
24MS02403,"卡其灰(15-1216 TPG) 220gK208/BK布 54""",,卡其灰15-1216TPG,Y
24MS02404,"卡其灰(15-1216 TPG) YS-0731 三明治网布 54""",,卡其灰15-1216TPG,Y
24MS02415,"牛棕(18-1137 TPG) YS-0731 三明治网布 54""",,牛棕18-1137TPG,Y
25FB00096,"8安 煙藍灰(14-4203 TPG) 帆布54""",,煙藍灰14-4203TPG,Y
25MS00201,"煙藍灰(14-4203 TPG) YS-0731 三明治网布 54""",,煙藍灰14-4203TPG,Y
25MS00228,"真實紅(19-1664 TPG) YS-0731 三明治网布 54""",,真實紅19-1664TPG,Y
WS001542,"320G 军绿色YSD137加厚内里布54""",,17-0627TPG军绿色,码
WD003684,"220G 深棕色 TANGO SUEDE鸡皮绒54""",,深棕色,码
WD003688,"220G 棕色鸡皮绒54""",,棕色,码
WB10970,"白色 210D尼龙牛津布58""",,白色,码
24IM00335,"浅淡灰Grey 1 000-73-00 佳积布54"" 250g",,浅淡灰000-73-00,Y
25FB00153,"白色109-98-01 250g 佳积布54""",,白色109-98-01,Y
24MS02296,"白色109-98-01 D027纹 250-260g 单层网布 54""",,白色109-98-01,Y
24MS02308,"原子绿Atomic Aqua 078-84-34D027纹 250-260g 单层网布54""",,原子绿078-84-34,Y
24MS02306,"活跃红Sport Red 012-41-36 D027纹 250-260g 单层网布 54""",,活跃红012-41-36,Y
25FB00723,"白色109-98-01 DJT-6515 单层网布 耐黄 54""",,白色109-98-01,Y
25FB00724,"黑色139-18-00 DJT-6515 单层网布 54""",,黑色139-18-00-1,Y
25MS00066,"火山灰(19-3912 TPG) 220g K208/BK布 54""",,火山灰19-3912TPG,Y
23MS02082,"天鵝灰(12-0000 TPG) YS-208 220g BK MESH 网布 54""",,天鵝灰12-0000TPG,Y
25FB00846,"深绿色074-28-15 佳积布 54""180g",,深绿色074-28-15,Y
25MS00818,"深绿色074-28-15 YS640 单层网布 230g 54""",,深绿色074-28-15,Y
25MS00819,深绿色074-28-15 YS1089 单层网 320g 54”,,深绿色074-28-15,Y
25MS00820,深绿色074-28-15  YS2260 单层网布 54“,,深绿色074-28-15,Y
25MS00831,"黑色139-18-00 LJA2063 单层网布 54""",,黑色139-18-00,Y
YX25116,HSW32 P6纹 紫色网布  56〃,,紫色,码
24MS00031,"米白色11-0604TPG YSK133纹220g 单层网布 54""",,米白色11-0604TPG,Y
25MS00657,"奶油黄11-4302TPG YSK133纹220g 单层网布 54""",,奶油黄11-4302TPG,Y
25MS00658,"糖果粉13-1906TPG YSK133纹220g 单层网布 54""",,糖果粉13-1906TPG,Y
25MS00525,"米白色11-0604TPG XF-3066纹 单层网布 54""",,米白色11-0604TPG,Y
24MS02278,"宁静绿Tranquil Teal 080-77-06 D027纹 250-260g 单层网布54""",,宁静绿080-77-06,Y
24MS02276,"极简棕Simple Beige 034-75-11 D027纹 250-260g 单层网布54""",,极简棕034-75-11,Y
24MS02279,"极简灰Simple Grey 087-78-01 D027纹 250-260g 单层网布 54""",,极简灰087-78-01,Y
24MS02277,"浅淡灰Grey 1 000-73-00 D027纹250-260g 单层网布 54""",,浅淡灰000-73-00,Y
24MS02340,"灰色03 Grey-3 000-55-00 YSK2360纹 400g 双心三层网 59""",,灰色000-55-00,Y
24MS02341,"灰色03 Grey-3 000-55-00 镂空圆孔YS0391纹 310-320g 单层网布 54""",,灰色000-55-00,Y
24MS02331,"珠光灰Pearl Grey 099-85-01 YSK2360纹 400g 双心三层网 59""",,珠光灰099-85-01,Y
24MS02333,"珠光灰Pearl Grey 099-85-01 镂空圆孔YS0391纹 310-320g 单层网布 54""",,珠光灰099-85-01,Y
25FB00657,"石板灰Slate Grey 000-55-00 150平方克 经编佳积布 46""",,石板灰000-55-00,Y
24MS02327,"莓粉色Berry chill 152-55-11 YSK2360纹 400g 双心三层网 59""",,莓粉色152-55-11,Y
24MS02329,"莓粉色Berry chill 152-55-11 镂空圆孔YS0391纹 310-320g 单层网布 54""",,莓粉色152-55-11,Y
WS001526,420G/Y 凤仙紫17-1505TPGYS028三明治网布54“,,凤仙紫17-1505TPG,码
WJ000327,"150G棕色佳积布54""",,棕色,码
WD004045,"220G 深棕色鸡皮绒54""",,734DKBROWN深棕色,码
WD004046,"220G 褐色鸡皮绒54""",,褐色,码
25MS00599,"樱花粉14-1905TPG 200g 佳积布54""",,樱花粉14-1905TPG,Y
25MS00600,"传统蓝16-4127TPG 200g 佳积布54""",,传统蓝16-4127TPG,Y
25MS00601,"自然色12-0703TPG 200g 佳积布54""",,自然色12-0703TPG,Y
25MS00603,"雪球白11-0602TPG 220g 磨毛布54""",,雪球白11-0602TPG,Y
24FB01297,"黑色139-18-00 200g 组织布54""",,黑色139-18-00,Y
25FB00351,"黑色139-18-00 DJ132 240g POLYPAG单层网布 54""",,黑色139-18-00,Y
25MS00470,"粉色151-66-26 组织布 250g54""",,粉色151-66-26,Y
25MS00849,"白色109-98-01 DJ132 240gPOLYPAG单层网布 54"" 耐黄",,白色109-98-01,Y
25MS00850,"白色109-98-01 260g BK-Q01单层网布 54"" 耐黄",,白色109-98-01,Y
25MS00865,白色109-98-01 250g 组织布54“,,白色109-98-01,Y
25MS00420,"蓝色126-21-11 YHM 354 单层网布 54""",,蓝色126-21-11,Y
25MS00421,"黄色037-77-37 BK-Q01单层网布260g 54""",,黄色037-77-37,Y
25FB00359,"黑色139-18-00 260g BK-Q01单层网布 54""",,黑色139-18-00,Y
25MS00853,米白色036-90-02 组织布 250g54“,,米白色036-90-02,Y
25FB00813,胜利蓝126-21-11 DJ 132/有光K184纹 240g DJ132网布,,胜利蓝126-21-11,Y
25FB00844,"姜黄色Ginger Root031-53-13 K106/DJT 1834 FLECK TEX纹 单层网布 54""",,姜黄色031-53-13,Y
25MS00415,"灰色000-73-00 BK 单层网布 200g 54""",,灰色000-73-00,Y
25MS00851,"光明绿068-75-08 200g BK网布54""",,光明绿068-75-08,Y
25MS00863,"斑鸠灰Alabaster 038-84-04 354纹 280-290g 单层网布 54""",,斑鸠灰038-84-04,Y
25MS00826,"旷野绿Field Green 072-45-11 354纹 280-290g 单层网 54""",,旷野绿072-45-11,Y
25IM00047,"暗灰Grey6 000-27-00 BK网布 54"" 200g",,暗灰000-27-00,Y
25MS00852,"月石色120-84-00 200g BK网布54""",,月石色120-84-00,Y
25IM00045,"沙色 034-84-05 BK网布 54""200g",,沙色034-84-05,Y
25MS00491,"沙色 034-84-05 CL24140纹 三层网布 54""",,沙色034-84-05,Y
25IM00060,"浅卡其13-0905TPG BK网布 54""200g",,浅卡其13-0905TPG,Y
25IM00046,"海盐色036-90-02 BK网布 54""200g",,海盐色036-90-02,Y
25IM00064,"灰色000-64-00 BK网布 54""200g",,灰色000-64-00,Y
25MS00848,"灰色000-64-00 CL24140纹 三层网布 54""",,灰色000-64-00,Y
25IM00066,"灰色000-73-00 BK网布 54""200g",,灰色000-73-00,Y
25MS00683,"灰色000-73-00 CL24140纹 三层网布 54""",,灰色000-73-00,Y
25IM00062,"灰色ADHE BK网布 54"" 200g",,灰色ADHE,Y
25IM00061,"灰色AE8X BK网布 54"" 200g",,灰色AE8X,Y
21FB00203,"白色 180g 丝光布 54""",,白色,Y
25MS00847,"白色109-98-01 200g BK网布54""",,白色109-98-01,Y
25IM00044,"米色 035-73-04 BK网布 54""200g",,米色035-73-04,Y
25IM00049,"米黄038-90-04 BK网布 54""200g",,米黄038-90-04,Y
25MS00516,"米黄038-90-04 CL24140纹 三层网布 54""",,米黄038-90-04,Y
25IM00063,"胜利蓝126-21-11 BK网布 54""200g",,胜利蓝126-21-11,Y
25MS00666,"胜利蓝126-21-11 CL24140纹 三层网布 54""",,胜利蓝126-21-11,Y
25IM00039,"蓝色126-21-11 BK 单层网布 54""240g",,蓝色126-21-11,Y
25IM00048,"酒红155-32-27 BK网布 54""200g",,酒红155-32-27,Y
25IM00059,"钢铁灰18-4005TPG BK网布 54""200g",,钢铁灰18-4005TPG,Y
25MS00664,"钢铁灰18-4005TPG CL24140纹 三层网布 54""",,钢铁灰18-4005TPG,Y
20FB00283,"黑色 180g 丝光布 54""",,黑色,Y
20IM01015,"黑色 BK 网布 54"" 200g",,黑色,Y
25MS00493,"黑色139-18-00 CL24140纹 三层网布 54""",,黑色139-18-00,Y
WD004067,"230G浅水蓝色莱卡布54""",,浅水蓝色,码
WD004068,"230G浅灰色莱卡布54""",,浅灰色3034,码
25FB00869,"激情粉160-61-28 YES224 单层网布 54""",,激情粉160-61-28,Y
25FB00870,"粉色144-57-41 YES224 单层网布54""",,粉色144-57-41,Y
25MS00884,"黑色139-18-00 YES224 单层网布54""",,黑色139-18-00,Y
25MS00887,"逃离灰039-65-02 YES224 单层网布 54""",,逃离灰039-65-02,Y
25MS00889,"灰色099-85-01 YES224 单层网布54""",,灰色099-85-01,Y
25MS00881,"黑色139-18-00 YS16045 圆孔三明治网布 54""",,黑色139-18-00,Y
25MS00885,"海盐色036-90-02 YS16045 圆孔三明治网布 54""",,海盐色036-90-02,Y
25MS00886,"灰绿062-31-04 YS16045 圆孔三明治网布 54""",,灰绿062-31-04,Y
25MS00888,"灰色 047-82-01 YS16045 圆孔三明治网布 54""",,灰色047-82-01,Y
25MS00890,"白色109-98-01 YS16045 圆孔三明治网布 54""",,白色109-98-01,Y
25MS00897,"蓝色126-21-11 YS16045 圆孔三明治网布 54""",,蓝色126-21-11,Y
11IM00048,"本白色 低弹平布54"" 220g",,本白色,Y
18IM00417,"白色 低弹平布 54"" 180g",,白色,Y
25MS00828,"旷野绿Field Green 072-45-11 K106/DJT 1834 FLECK TEX纹 单层网布 54""",,旷野绿072-45-11,Y
25FB00885,"陶土黄024-75-07 200g BK网布 54""",,陶土黄024-75-07,Y
25FB00878,"阴影蓝117-38-09 K208 200g BK网布 54""",,阴影蓝117-38-09,Y
25MS00900,"灰色000-73-00 YS22507 380g 小圆孔三明治 54""",,灰色000-73-00,Y
25FB00884,"灰色000-47-00 200g BK网布54""",,灰色000-47-00,Y
25FB00880,"梅粉155-45-20 200g BK网布54""",,梅粉155-45-20,Y
25MS00903,"果酱粉152-85-11 YS22507 380g小圆孔三明治 54""",,果酱粉152-85-11,Y
25FB00879,"暗灰000-55-00 200g BK网布 54""",,暗灰000-55-00,Y
25MS00902,"暖灰047-82-01 YS22507 380g 小圆孔三明治 54""",,暖灰047-82-01,Y
25MS00901,"休闲蓝Leisure Blue 115-61-07 YS22507 380g 小圆孔三明治54""",,休闲蓝115-61-07,Y
25MS00754,"米色 036-87-07 354纹 280-290g 单层网 54""",,米色036-87-07,Y
25MS00755,"米色 036-87-07 K106/DJT 1834 FLECK TEX纹 单层网布 54""",,米色036-87-07,Y
25MS00762,"灰色 047-82-01 354纹 280-290g 单层网布 54""",,灰色047-82-01,Y
25MS00763,"灰色 047-82-01 K106/DJT 1834 FLECK TEX纹 单层网布 54""",,灰色047-82-01,Y
25MS00821,"土色 031-53-13 YH M 354纹 280-290g 单层网布 54""",,土色031-53-13,Y
25MS00822,"棕色 026-32-08 K106/DJT 1834 FLECK TEX纹 单层网布 54""",,棕色026-32-08,Y
25MS00823,"米白 036-90-02 YHM 354 280-290g 单层网布 54""",,米白036-90-02,Y
25MS00362,黑色139-18-00 YH H354单层网布 54“,,黑色139-18-00,Y
25MS00866,"米色AEV9 YS-K086 280-290g 单层网布 54""",,米色AEV9,Y
25MS00935,黑色139-18-00 YS-K086 280g-290g 单层网布,,黑色139-18-00,Y
WD003840,"230G深鸥灰色莱卡布54""",,18-0403TPG深鸥灰色,码
WS001620,"320G 铁锈红色YSD137加厚内里布54""",,18-1248TPG铁锈红色,码
WS001625,"320G 陶瓷灰色YSD137加厚内里布 54""",,16-1104TPG陶瓷灰色,码
WD003832,"180G 白鹭色K209网布54""",,11-0103TPG白鹭色,码
WD003835,"180G 蔷薇红色K209网布54""",,16-1715TPG蔷薇红色,码
WD004092,"180G 月光灰色K209网布54""",,14-4500TPG月光灰色,码
WD004093,"180G 摩卡棕色K209网布54""",,16-1211TPG摩卡棕色,码
WD004103,"180G 天空蓝色K209网布54""",,14-4112TPG天空蓝色,码
25FB00358,"黑色139-18-00 CL24154纹 430g三明治网布 54""",,黑色139-18-00,Y
25MS00937,黑色139-18-00 CL21056 单层网布 54,,黑色139-18-00,Y
25FB00894,"黑色 139-18-00 YS5908纹 380g 三明治网布 54""",,黑色139-18-00,Y
25FB00892,"黑色 139-18-00 YS571 530g 单层网布 54""纸质补单号：6014",,黑色139-18-00,Y
25FB00903,"阴黄色048-90-17 YS7077 120g 单层网纱 54""",,阴黄色048-90-17,Y
25MS00938,"阴影蓝117-38-09 YS571 530g 网布 54"" 防虹吸",,阴影蓝117-38-09,Y
25MS00939,"阴影蓝117-38-09 FMD-F2-066 格子布 54"" 防虹吸",,阴影蓝117-38-09,Y
25MS00934,"金黄035-64-26 FMD-F2-066 格子布 54""",,金黄035-64-26,Y
25FB00911,"运动紫Movement Purple 134-31-12 YS7077 120g 单层网纱 54""",,运动紫134-31-12,Y
25MS00940,"蓝色126-21-11 YS571 530g 网布 54"" 防虹吸",,蓝色126-21-11,Y
25FB00918,"蓝色120-25-18 CL21056单层网布54""纸质补单号：11-35",,蓝色120-25-18,Y
25MS00942,蓝色117-46-30 250g BK网布54“,,蓝色117-46-30,Y
25MS00834,"蓝色 126-21-11 CL24154纹 430g三明治网布 54""",,蓝色126-21-11-1,Y
25MS00838,"蓝色 118-30-29 CL24154纹 430g三明治网布 54""",,蓝色118-30-29,Y
25MS00929,"粉色AE8H 200g BK网布 54""",,粉色AE8H,Y
25MS00941,"粉色150-77-21 CL21056 单层网布 54""",,粉色150-77-21,Y
25FB00230,"白色109-98-01 CL24154纹 430g三明治网布 54"" 耐黄",,白色109-98-01,Y
25FB00897,"深灰000-36-00 YS7077 120g 单层网纱 54""",,深灰000-36-00,Y
25MS00927,"浅蓝af29 CL21056 单层网布 54""",,浅蓝af29,Y
25MS00933,"毅力绿062-31-04 YS571 530g 网布 54""",,毅力绿062-31-04,Y
25FB00901,"橄榄绿050-40-14 YS571 530g 单层网布 54""",,橄榄绿050-40-14,Y
25FB00931,"柠檬黄 055-96-53 BK 200g 网布 54""",,柠檬黄055-96-53,Y
25FB01072,"白色109-89-01 组织布250g54""",,白色109-98-01,Y
25FB01073,"黑色 139-18-00 组织布 250g54""",,黑色139-18-00,Y
25MS00983,"海盐色036-90-02 DJ132 POLYPAG单层网布 54""",,海盐色036-90-02,Y
25MS01025,"海盐色036-90-02 WX-018 260g 毛巾布 54""",,海盐色036-90-02,Y
25MS01190,"海盐色 036-90-02 组织布 54""",,海盐色036-90-02,Y
25MS01213,"白色 109-98-01 240g DJ132POLYPAG 单层网布 54""",,白色109-98-01,Y
25MS01216,"白色 109-98-01 WX-018 260g 毛巾布 54""",,白色109-98-01,Y
25MS01246,"黑色 139-18-00 DJ132 POLYPAG单层网布 240g 54""",,黑色139-18-00,Y
25MS01247,"黑色 139-18-00 WX-018 260g 毛巾布 54""",,黑色139-18-00,Y
WK000293,"230G/Y 亮白色(11-0601TCX) K208网布54""",,亮白色,码
WK000294,橄榄黄绿(18-0316TPG) K208网布,,橄榄黄绿,码
WK000295,230G/Y 蛋奶黄(12-0601TPG) K208网布,,蛋奶黄,码
WK000296,230G/Y 钢灰(18-0201TPG) K208网布,,钢灰,码
25FB00380,"蓝色117-31-18 DJ132 240g POLYPAG单层网布 54""",,蓝色117-31-18,Y
25FB00384,"蓝色118-30-29 260g BK-Q01单层网布 54""",,蓝色118-30-29,Y
25FB00900,"黄色053-79-38 BK-Q01 260g 单层网布 54"";;纸质补单号：01-30",,黄色053-79-38,Y
WM000114,"360G 白色 全涤毛巾布54""",,白色,码
WD001803,"180G 岩石灰14-4201TPG K209网布54""",,岩石灰色,码
WD004121,"180G 空想灰色K209网布54""",,空想灰色12-4302TPG,码
WS000658,"380G岩石灰色 YD-0731三明治网布上树脂54""",,岩石灰14-4201TPG,码
WS001281,"380G蒸汽蓝色 YD-0731三明治网布上树脂54""",,蒸汽蓝14-4203TPG,码
WS001646,"空想灰色 YD-D497-22E-F网布54""",,空想灰色12-4302TPG,码
WD003686,"220G 黑色 TANGO SUEDE弹力超纤布54""",,BLACK黑色,码
WD004102,"220G 深棕色 TANGO SUEDE弹力超纤布54""",,#13DKBROWN深棕色,码
WD004122,"220G 黑色鸡皮绒54""",,黑色,码
WD004130,"220G 棕色鸡皮绒54""",,TAN棕色,码
WD004131,"220G 蛋白色鸡皮绒54""",,蛋白色,码
WK000299,"230G 米白色K208网布54""",,OFFWHITE米白色,码
25FB00231,"白色109-98-01 DJ132 240g POLYPAG单层网布 54"" 耐黄",,白色109-98-01,Y
19IM00396,"白色 DJ132 单层网布 54"" 240g A-01 耐黄",,白色,Y
25MS01283,"白色109-98-01 DJ132 240g POLYPAG 单层网布 54""",,白色109-98-01,Y
25MS01348,"绿色091-24-14 DJ132 POLYPAG 240g 单层网布 54""",,绿色091-24-14,Y
25FB00847,"紫色139-56-12 椭圆形 三明治网布 54""纸质补单号：11-11",,紫色139-56-12,Y
25FB00875,"白色109-98-01 椭圆形 小孔三明治网布 54""纸质补单号：1107-1越",,白色109-98-01,Y
22FB00317,"亮白色11-4001TPG TF18-Q08 220g 磨毛布 54""",,亮白色11-4001TPG,Y
23FB01268,"8安 黑夜藍(19-4023 TPG) 帆布 54""",,黑夜藍19-4023TPG,Y
24FB00194,"8安 真實紅(19-1664 TPG) 帆布 54""",,真實紅19-1664TPG,Y
24FB00774,"8安 靛青(19-3929 TPG) 帆布54""",,靛青19-3929TPG,Y
24FB00785,"8安 鍍銅褐(18-1336 TPG) 帆布54""",,鍍銅褐18-1336TPG,Y
24FB01065,"8安 蘋果綠(15-0543 TPG) 帆布54""",,蘋果綠15-0543TPG,Y
24MS01214,"暖褐色(16-1318 TPG) YS-0731 三明治网布 54""",,暖褐色16-1318TPG,Y
24MS01215,"靛青(19-3929 TPG) YS-0731 三明治网布 54""",,靛青19-3929TPG,Y
24MS01453,"雕褐色(14-1310 TPG) 220g K208/BK布 54""",,雕褐色14-1310TPG,Y
24MS01454,"明亮白(11-0601 TPG) 220g K208/BK布 54""",,明亮白11-0601TPG,Y
24MS02067,"碧玉(19-4517 TPG) YS-0731 三明治网布 54""",,碧玉19-4517TPG,Y
25FB00081,"8安 牡蠣灰(14-1107 TPG) 帆布54""",,牡蠣灰14-1107TPG,Y
25IM00107,"烏賊褐(18-0928 TPG) 佳积布54"" 120g",,烏賊褐18-0928TPG,Y
25MS00209,"午夜藍(19-4110 TPG) 220gK208/BK布 54""",,午夜藍19-4110TPG,Y
25FB00874,"蜜糖棕(17-1134 TPG)   120g 佳积布 54""",,蜜糖棕17-1134TPG,Y
19IM00367,"黑色095A DJ132 单层网布 54""240g A-01",,黑色095A,Y
25FB01263,"黑色139-18-00 JFD1363 三明治网布 54""",,黑色139-18-00,Y
WS001528,"420G/Y海沫绿14-6007TPG YS028三明治网布 54""",,海沫绿14-6007TPG,码
WS001561,"420G/Y铁灰18-4005TPG YS028三明治网布54""",,铁灰18-4005TPG,码
WD000122,"200G深灰色莱卡布54""",,深灰,码
WD000124,"黑色 麂皮绒54""",,黑色,码
23MS01890,"黑色 230g CK网布 54""",,黑色,Y
25FB00752,"荧光粉17-2435TN 230g CK网布 54""",,荧光粉17-2435TN,Y
25FB00753,"蝴蝶兰14-3612TPG 230g CK网布 54""",,蝴蝶兰14-3612TPG,Y
25FB00754,"蓝色14-4530TN 230g CK网布 54""",,蓝色14-4530TN,Y
25FB00236,"白色109-98-01 LY-YG1190网布 54""",,白色109-98-01,Y
25FB00352,"红色012-41-36 DJ132 240g POLYPAG单层网布 54""",,红色012-41-36,Y
25FB00360,"红色009-39-36 260g BK-Q01单层网布 54""",,红色009-39-36,Y
25FB00399,"紫色160-71-05 DJ132 240g POLYPAG单层网布 54""",,紫色160-71-05,Y
25FB00882,"净粉色Pure Pink 011-87-11 椭圆形 小孔三明治网布 54""",,净粉色011-87-11,Y
25FB00917,"粉色151-66-26 YH-H29W 单层网布 54""",,粉色151-66-26,Y
25MS01047,"黑色139-18-00 BK-Q01单层网布 260g 54""",,黑色139-18-00,Y
25MS01351,"粉色011-87-11 DJ132 POLYPAG 240g 单层网布 54""",,粉色011-87-11,Y
16FB00847,"120g 佳积布白色 56""",,白色,Y
25MS00426,"黄色051-91-44 WX-018 毛巾布260g 54""",,黄色051-91-44,Y
25MS00427,"米白036-90-02 WX-018 毛巾布260g 54"" 耐黄",,米白036-90-02,Y
111M00048,本白色低弹平布54°,8/26暂停,本白色,Y
23FE00293,"白色120g佳积布54""",,白色,Y
23FE00295,"黑色120g佳积布54""",8/26暂停,黑色,Y
WD004187,"180G橙卡其色18-0920TPG K209网布54""",,橙卡其色,码
WD004188,"180G橙卡其色18-0920TPG K209网布55""",,橙卡其色,码
WD004189,"200G橙卡其色18-0920TPG拉毛四面弹54""",,橙卡其色,码
WD004190,"360G橙卡其色18-0920TPG XF8001氨纶布54""",,橙卡其色,码
WJ000553,"220G浅米色佳积布54""",,LTBEIGE浅米色,码
25FB00229,"白色109-98-01 260g BK-Q01单层网布 54"" 耐黄",,白色109-98-01,Y
WB12332,"340G 黑色XF8022三明治网布54""",,黑色,码
WB12333,"380G 白色XF8021三明治网布54""",,白色,码
WB12336,"220G 黑色D176方格纹四弹网布54""",,黑色,码
WB12342,"340G 黄色XF8022三明治网布54""",,黄色,码
WB12436,"380G 黄色XF8021三明治网布54""",,黄色,码
WD002325,"220G 黄色D176方格纹四弹网布54""",,黄色,码
WD004158,"230G 浅米色BK网布54""",,LTBEIGE浅米色,码
25FB00344,"粉色152-57-30 JFD1363 三明治网布 54""",,粉色152-57-30,Y
25FB01250,胜利蓝Vector Navy 126-21-11 250g 加密真美布,,胜利蓝126-21-11,Y
25FB00365,"灰色000-36-00 CL24154纹 430g 三明治网布 54""",,灰色000-36-00,码
25FB01272,白色 180G佳积布 54“ 耐黄,,白色,Y
WD004139,"230G 褐色BK网布54""",,07-LTTAUPE褐色,码
25MS00462,"蓝色 126-21-11 K106/DJT1834 单层网布 54""",,蓝色126-21-11,Y
25MS01394,"蓝色 117-31-18 354纹 280-290g单层网布 54""",,蓝色117-31-18,Y
25MS01451,"极简棕Simple Beige 034-75-11 354纹 280-290g 单层网布 54""",,极简棕034-75-11,Y
25MS01453,"胜利蓝126-21-11 354纹 280-290g 单层网 54""",,胜利蓝126-21-11,Y
WJ000549,"220G米色佳积布54""",,LTBEIGE米色,码
WJ000554,"180G 月光灰色佳积布54""",,MOONBEAM月光灰色,码
WJ000555,"180G 淡粉色佳积布54""",,MUTEDPETAL淡粉色,码
25FB01324,"黑色 139-18-00 YS12984 320g 三明治网布 54""",,黑色139-18-00,Y
25MS00656,"桃核粉12-0508TPG YSK133纹220g 单层网布 54""",,桃核粉12-0508TPG,Y
24MS02389,"淡糯米11-0607TPG YSK133纹220g 单层网布 54""",,淡糯米11-0607TPG,Y
24MS01737,"云灰色13-4108TPG YSK133纹220g 单层网布 54""",,云灰色13-4108TPG,Y
25FB01333,"浅淡灰000-73-00 CL24140纹 三层网 54""",,浅淡灰000-73-00,Y
25FB01334,"青蓝088-74-24 200g BK网布54""",,青蓝088-74-24,Y
25FB01335,"清浅灰043-89-00 200g Bk网布54""",,清浅灰043-89-00,Y
25MS01493,"香粉红15-2216TPG CL24140纹 三层网 54""",,香粉红15-2216TPG,Y
25MS01495,"樱花粉13-3207TPG 200g BK网布54""",,樱花粉13-3207TPG,Y
25MS01496,"香粉红15-2216TPG 200g BK网布54""",,香粉红15-2216TPG,Y
WD000948,"230G白色莱卡布54""",,白色,码
WD003838,"230G玫红色莱卡布54""",,16-2215TPG玫红色,码
WJ000557,"220G 浅褐色佳积布JERSEY54""",,07LTTAUPE浅褐色/米白,码
25FB01276,"木炭灰000-27-00 DJT-6515 单层网布 54""",,木炭灰000-27-00,Y
25FB01277,"紫色 008-36-10 DJT-6515 单层网布 54""",,紫色008-36-10,Y
25FB01287,"海盐色036-90-02 K106/DJT 1834 FLECK TEX纹 单层网布 54""",,海盐色036-90-02,张
25FB01289,"白色109-98-01 K106/DJT 1834 FLECK TEX纹 单层网布 54""",,白色109-98-01,张
25MS01454,"深红008-26-19 354纹 280-290g 单层网 54""",,深红008-26-19,Y
25MS01455,"深红008-26-19 K106/DJT 1834 FLECK TEX纹 单层网布 54""",,深红008-26-19,Y
25MS01456,"绿色091-24-14 354纹 280-290g 单层网 54""",,绿色091-24-14,Y
25MS01457,"绿色091-24-14 K106/DJT 1834 FLECK TEX纹 单层网布 54""",,绿色091-24-14,Y
25MS01458,"米黄 038-90-04 354纹 280-290g 单层网 54""",,米黄038-90-04,Y
25MS01459,"米黄 038-90-04 K106/DJT 1834 FLECK TEX纹 单层网布 54""",,米黄038-90-04,Y
25MS00757,"沙土 152-55-11 354纹 280-290g 单层网布 54""",,沙土152-55-11,Y
25MS00758,"沙土 152-55-11 K106/DJT 1834 FLECK TEX纹 单层网布 54""",,沙土152-55-11,Y
25MS00759,"灰色 099-85-01 354纹 280-290g 单层网布 54""",,灰色099-85-01,Y
25MS00760,"灰色 099-85-01 K106/DJT 1834 FLECK TEX纹 单层网布 54""",,灰色099-85-01,Y
25MS01482,"绿色 056-65-20 BK-Q01单层网布 260g 54""",,绿色056-65-20,Y
25MS01480,"海军蓝 ADWU 260g BK-Q01单层网布 54""",,海军蓝ADWU,Y
25FB01338,"灰色000-73-00 CL21056 单层网布 54""",,灰色000-73-00,Y
25MS01503,"洗黑002-24-00 200g BK网布54""",,洗黑002-24-00,Y
25MS01383,"夜空灰19-3924TPG YS-125纹310g 粗网 54""",,夜空灰19-3924TPG,Y
WD004249,"220G 浅棕色鸡皮绒54""",,浅棕色,码
24FB01275,"白色109-98-01 180g 丝光布54""",,白色109-98-01,Y
25FB00372,"蓝色105-55-12 CL24154纹 430g三明治网布 54""",,蓝色105-55-12,Y
25MS01467,"黄棕色Court Brown 027-51-19 YS-K086 280-290g 单层网布 54""",,黄棕色027-51-19,Y
25MS01469,深绿色059-37-05 YS-K086 280-290g 单层网布,,深绿色059-37-05,Y
25MS01475,"白桃粉021-80-08 YS-K086 280-290g 单层网布 54""",,白桃粉021-80-08,Y
25MS01478,"胜利红009-39-36 260g BK-Q01单层网布 54""",,胜利红009-39-36,Y
25MS01481,"蓝色 115-57-21 BK-Q01单层网布 260g 54""",,蓝色115-57-21,Y
WD004238,"180G 石灰色K209网布54""",,石灰色,码
WD004210,"230G 浅卡其色POLYPAG PII网布54""",,浅卡其色12-0601TCX,码
WD004211,"200G浅卡其色莱卡布54""",,浅卡其色12-0601TCX,码
WK000306,"230G 浅卡其色K208网布54""",,浅卡其色12-0601TCX,码
WD004213,"180G浅卡其色天鹅绒54""",,浅卡其色12-0601TCX,码
WK000307,"230G 粉色K208网布54""",,粉色698C,码
WK000308,"230G 蓝色K208网布54""",,蓝色,码
WS001693,"380-400G白色YS2369方格三明治54""",,白色,码
WS001694,"380-400G粉色YS2369方格三明治54""",,粉色698C,码
WS001695,"380-400G蓝色YS2369方格三明治54""",,蓝色660C,码
24FB00783,"8安 天鵝灰(12-0000 TPG) 帆布54""",9/25更改订单,天鵝灰12-0000TPG,Y
23FB00316,"天鵝灰(12-0000 TPG) 毛巾布 54""",,天鵝灰12-0000TPG,码
24FB01002,"面包色(16-0924 TPG) 毛巾布54""",,面包色16-0924TPG,Y
24MS01233,"米白(11-0701 TPG) YS-0731 三明治网布 54""",,米白11-0701TPG,Y
25FB00097,"杏樹棕(16-1432 TPG) 毛巾布 54""",,杏樹棕16-1432TPG,Y
WS001696,380-400G雨灰色YS7601三层网（799K）上树脂54”,,13-4108TPG雨灰色,码
WS001697,380-400G白色YS7601三层网（799K）上树脂54”,,白色,码
24MS01234,"白色 YS-0731 三明治网布 54""",,白色,Y
24FB00786,"8安 銹紅(18-1447 TPG) 帆布54""",,銹紅18-1447TPG,Y
23IM00319,"白色 佳积布 54"" 180g",,白色,Y
WD004231,YS232311-1408TPG浅粉  猫舌布54″,,11-1408TPG浅粉,码
WD004232,"YS232318-1660TPG红色  猫舌布54""",,18-1660TPG红色,码
WJ000566,"250G 白色佳积布58""","58""",白色,码
WJ000571,"180G 粉色佳积布54""",,#11BLUSH粉色,码
WJ000572,"180G 米白色佳积布54""",,MIDWHITE米白色,码
WJ000575,"180G 花粉黄色佳积布54""",,POLLENDUST花粉黄色,码
WJ000576,"250G 黑色佳积布58""","58""",黑色,码
25FB01379,黑色 双面莱卡布 1.5m,,黑色,Y
25FB01380,黑色 110g 佳积布 1.5m,,黑色,Y
25FB01384,浅灰色（16-4703 TPG) 110g 佳积布 1.5m,,浅灰色16-4703TPG,Y
25FB01385,浅灰色（16-4703 TPG) 双面莱卡布 1.5m,,浅灰色16-4703TPG,Y
25FB01388,銀幣灰(14-4501 TPG) 110g 佳积布 1.5m,,銀幣灰14-4501TPG,Y
25FB01389,月球灰(17-1210 TPG) 110g 佳积布 1.5m,,月球灰17-1210TPG,Y
25FB01391,月球灰(17-1210TPG) 双面莱卡布 1.5m,,月球灰17-1210TPG,Y
25FB01392,葵蜜色(11-4300 TPG) 110g 佳积布 1.5m,,葵蜜色11-4300TPG,Y
25FB01393,白色 110g 佳积布 1.5m,,白色,Y
25FB01394,白色 双面莱卡布 1.5m,,白色,Y
25FB01395,霧氣灰(15-4703TPG) 双面莱卡布 1.5m,,霧氣灰15-4703TPG,Y
25FB01396,霧氣灰(15-4703 TPG) 110g 佳积布 1.5m,,霧氣灰15-4703TPG,Y
25MS00891,火山灰(19-3912 TPG) QS-14736 三明治网布 1.4m,,火山灰19-3912TPG,Y
25MS01534,尖塔灰(17-1500 TPG) QS-14736 三明治网布 1.4m,,尖塔灰17-1500TPG,Y
25MS01541,銀幣灰(14-4501 TPG) QS-14736三明治网布 1.4m,,銀幣灰14-4501TPG,Y
25MS01543,午夜藍(19-4110 TPG) QS-14736三明治网布 1.4m,,午夜藍19-4110TPG,Y
25MS01544,葵蜜色(11-4300 TPG) QS-14736 三明治网布 1.4m,,葵蜜色11-4300TPG,Y
25FB01407,米色 180G佳积布 54“,,米色,Y
WD004306,"13-4201TPG浅灰D02网布54""",,13-4201TPG浅灰,码
WD004307,"14-4202灰色D02单层网布54""",,14-4202灰色,码
WD004312,"深灰色D02网布54""",,深灰色,码
WD004314,"白色11-0601TPG D02单层网布54""",,白色11-0601TPG,码
WD004315,"黑色D02单层网布54""",,黑色,码
WK000313,"12-0540TPG米黄280G K208网布54""",,12-0540TPG米黄,码
WK000314,"12-4305TPG浅白280G K208网布54""",,12-4305TPG浅白,码
25FB00653,"灰色 028-56-06 150平方克 经编佳积布 46""",,灰色028-56-06,Y
25FB01238,"逃离灰039-65-02 DJ132/有光K184 240g 单层网布54""",,逃离灰039-65-02,码
25MS00669,"白色01F7 907-15纹/（YH-H736纹） 400g 三明治网布 54""",,白色01F7,Y
25MS00670,"海盐色036-90-02 907-15纹/（YH-H736纹） 400g 三明治网布 54""",,海盐色036-90-02,Y
25MS00713,锈桔色 Rust Orange 022-46-29 K106/DJT 1834 FLECK TEX纹  单层网布 54,,锈桔色022-46-29,Y
25MS00714,桃粉 Future Peach 016-86-38 K106/DJT 1834 FLECK TEX纹  单层网布 54“,,桃粉016-86-38,Y
25MS00715,"蓝色 Ice Blue107-75-06 354纹 280-290g 单层网 54""",,蓝色107-75-06,Y
25MS00716,傻瓜绿Shag Green 056-65-20 K106/DJT 1834 FLECK TEX纹 单层网布 54“,,傻瓜绿056-65-20,Y
WD004320,"320G深兰色拉毛布54""",,深兰色289C,码
WD004321,"320G黑色拉毛布54""",,黑色,码
18MS00225,"黑色 180g 低弹平布 54""",,黑色,Y
25FB00369,"灰色099-85-01 260g BK-Q01单层网布 54""",,灰色099-85-01,Y
25FB00899,"浅灰017-79-00 220-230g 莱卡布54""",,浅灰017-79-00,Y
25IM00052,"浅灰017-79-00 BK网布 54""200g",,浅灰017-79-00,Y
25MS00918,"浅灰017-79-00 CL21056 单层网布 54""",,浅灰017-79-00,Y
25MS01500,"洗黑002-24-00 250g 莱卡布 54""",,洗黑002-24-00,Y
25MS01564,"灰色000-64-00 YS5908纹 380g 小圆孔三明治 54""",,灰色000-64-00,Y
22MS00897,"粉兰紫13-3805TPG 280g BK网布54""",,粉兰紫13-3805TPG,Y
22MS00898,"棉花色11-4300TPG 280g BK网布54""",,棉花色11-4300TPG,Y
23MS00195,"可可棕18-1222TPG YS360纹 350g大星点弹力网布 54""",,可可棕18-1222TPG,Y
25FB00855,"白色109-98-01 250g 粗纹真美布54"" 耐黄",,白色109-98-01,Y
25MS01568,"紫色 160-71-05 组织布 54""",,紫色160-71-05,Y
25MS01569,"暗灰 000-55-00 组织布 54""",,暗灰000-55-00,Y
22FB00269,"棉花色11-4300TPG TF18-Q08220g 磨毛布 54""",,棉花色11-4300TPG,Y
22IM00128,"佳绩布 54"" 230g白色",,白色,Y
25MS01562,灰色000-73-00 WWDB0633 网布,,灰色000-73-00,Y
25MS01567,"蓝色117-31-18 K106/DJT1834 单层网布 54""",,蓝色117-31-18,Y
25MS01570,"绿色 072-45-11 YHM 354 单层网布 54""",,绿色072-45-11,Y
25MS01571,"绿色 072-45-11 K106/DJT 1834 FLECK TEX纹 单层网布 54""",,绿色072-45-11,Y
WD004336,"220G 棕色鸡皮绒54""",,棕色,码
WK000316,"13-4305TPG浅灰 280G K208网布54""",,13-4305TPG浅灰,码
25FB01469,"180G 丝光布54""浅灰色（16-4703TPG)",,浅灰色16-4703TPG,Y
25FB01470,"銀幣灰(14-4501 TPG) 180g 丝光布 54""",,銀幣灰14-4501TPG,Y
25FB01471,"葵蜜色(11-4300 TPG) 180g 丝光布 54""",,葵蜜色11-4300TPG,Y
25FB01472,"外空藍(19-4009 TPG) 180g 丝光布 54""",,外空藍19-4009TPG,Y
20IM00225,"白色 佳积布 54"" 120g A-01",,白色,Y
WB16634,"180G白色佳积布 AW ALDO 54""",,白色,码
WD004338,"220G 浅褐色鸡皮绒54""",,LTTAUPE浅褐色,码
WD004339,"220G 浅棕色鸡皮绒54""",,浅棕色0774,码
WD004385,"230G 浅灰色BK网布54""",,LTGREY浅灰色,码
WJ000591,"180G浅灰色佳积布54""",,LTGREY浅灰色,码
WD003685,"220G 棕色 TANGO SUEDE弹力超纤布54""",,棕色,码
25IM00112,"白色莱卡布160g54""",,白色,Y
25MS0092,"浅蓝af29 CL21056 单层网布 54""纸质补单号：1035",,浅蓝af29,Y
WD004403,"220G 米色鸡皮绒54""",,#06-BEIGE米色,码
WD004404,"220G 深棕色鸡皮绒54""",,#13DKBROWN深棕色,码
WD004405,"220G 棕色鸡皮绒54""",,5-TAN棕色,码
WJ000253,"250G/Y 白色 佳积布 54""","54""",白色,码
WN000241,"尔克白色210D牛津布54""",,尔克白色,码
25IM00053,"果酱粉 152-85-11 BK网布 54""200g;",,果酱粉152-85-11,Y
25MS01623,"果酱粉152-85-11 CL24140纹 54""",,果酱粉152-85-11,码
WJ000254,"250G/Y 黑色 佳积布 54""","54""",黑色,码
WD002639,"黑色 TANGO SUEDE麂皮绒54""",,JETBLACK黑色,码
WD002640,"驼色 TANGO SUEDE麂皮绒54""",,CARAMEL驼色,码
25MS01620,"海盐色036-90-02 K106/DJT 1834 FLECK TEX纹 单层网布 54""",,海盐色036-90-02,Y
WN000242,"微晶白色210D牛津布54""",,微晶白色,码
25MS00807,"摩根石(12-2901 TPG) YS-0731 三明治网布 54""",,摩根石12-2901TPG,Y
25FB00098,"雕褐色(14-1310 TPG) 毛巾布54""",,雕褐色14-1310TPG,Y
25FB01262,"8安 暖沙色(15-1214 TPG) 帆布54""",,暖沙色15-1214TPG,Y
25FB00207,"黑影藍(19-3906 TPG) 毛巾布 54""",,黑影藍19-3906TPG,Y
25FB00208,"8安 和風紫(15-1906 TPG) 帆布 54""",,和風紫15-1906TPG,Y
23FB01340,"8安 蚝蘑(13-4201 TPG) 帆布54""",,蚝蘑13-4201TPG,Y
23FB00296,"米白(11-0701 TPX) 毛巾布54""",,米白11-0701 TPX-1,Y
25FB01505,蘆蓿白(12-0104TPG) 双面莱卡布 1.5m,,蘆蓿白12-0104TPG,Y
25FB01506,"蘆蓿白(12-0104 TPG) 180g 丝光布 54""",,蘆蓿白12-0104TPG,Y
25FB01507,蘆蓿白(12-0104 TPG) 110g 佳积布 1.5m,,蘆蓿白12-0104TPG,Y
25MS01627,蘆蓿白(12-0104 TPG) QS-14736三明治网布 1.4m,,蘆蓿白12-0104TPG,Y
WJ000597,"220G 浅褐色佳积布54""",,#28LTTAUPE浅褐色,码
25MS01417,"淡橘色16-1441TPG YS-125纹 310g 粗网 54""",,淡橘色16-1441TPG,Y
25MS00598,"阴影灰17-6206TPG 180g 天鹅绒54""",,阴影灰17-6206TPG,Y
24FB01377,"线灰16-1305TPG 180g 天鹅绒54""",,线灰16-1305TPG,Y
WD004457,"220G 浅蓝色鸡皮绒54""",,浅蓝色,码
WD004407,"220G 深棕色鸡皮绒54""",,深棕色1127328,码
25MS01599,"禾山红13-1017TPG YSK133纹220g 单层网布 54"" 加硬",,禾山红13-1017TPG,Y
25MS01600,"禾山红13-1017TPG K107 250g 单层网布 54""",,禾山红13-1017TPG,Y
25MS01601,"雾紫色15-3807TPG K107 250g 单层网布 54""",,雾紫色15-3807TPG,Y
25MS01602,"亮白色11-4001TPG YSK133纹220g 单层网布 54"" 加硬",,亮白色11-4001TPG,Y
25MS01596,"梨黄色11-0623TPG K107 250g 单层网布 54""",,梨黄色11-0623TPG,Y
WK000320,"(SS26)230G/Y 幻影灰15-4703TPG K208网布53""",,幻影灰,码
WK000321,"(SS26)230G/Y 黑色 K208网布54""",,黑色,码
WD004465,"220G 浅棕色鸡皮绒54""",,#766浅棕色,码
WD004466,"220G 褐色鸡皮绒54""",,#806褐色,码
25MS00423,"白色109-98-01 YHM 354 单层网布 54"" 耐黄",,白色109-98-01,Y
25MS01622,"蓝色121-75-11 K106 单层网布 54""",,蓝色121-75-11,Y
WK000327,"230G 冠军白色K208网布54""",,冠军白色,码
WD004367,"635U马卡龙蓝 YS2323猫舌布54""",,马卡龙蓝,码
WK000322,"230G/Y 宝石蓝19-3953TPG K208网布54""",,宝石蓝19-3953TPG,码
WK000324,"230G/Y 珊瑚色NEON CORAL K208网布54""",,珊瑚色,码
WK000325,14-1508TPG中粉280G K208网布,"54""",14-1508TPG中粉,码
25MS01645,"浅绿5487C DH1503小圆点 网布54""",,浅绿5487C,Y
WD004482,"220G 深棕色鸡皮绒54""",,DKBROWN深棕色,Y
WD004484,"220G 棕色鸡皮绒54""",,MONKROBE棕色,码
25MS01625,"沙色034-84-05 K106/DJT 1834 FLECK TEX纹 单层网布 54""",,沙色034-84-05,Y
25MS01624,"海盐色036-90-02 YHM 354 单层网布 54"" 耐黄",,海盐色036-90-02,Y
24MS02135,"能量红Energy Red 011-46-40 D01 230-250g 单层网布 54""",,能量红011-46-40,Y
WK000317,(SS26)230G/Y 亮白色11-0601TCX K208网布54″,,亮白色11-0601TCX,码
WK000318,"230G/Y 幻影蓝13-4103TPG K208网布54""",,幻影蓝13-4103TPG,码
WK000319,"230G/Y 铁灰18-4005TPG K208网布54""",,铁灰18-4005TPG,码
25MS01633,"浅褐Sport beige 035-73-04 YS-K086 280-290g 单层网布 54""",,浅褐035-73-04,Y
25FB01274,"紫色160-71-05 DJT-6515 单层网布 54""",,紫色160-71-05,Y
25FB01326,"陶土色024-75-07 YS571 单层网布 530g 54""",,陶土色024-75-07,Y
25FB01328,"烧红色015-33-25 YS5908小圆孔三明治网布 380g 54""",,烧红色015-33-25,Y
25MS01399,"梅粉154-63-12 CL24140纹 三层网 54""",,梅粉154-63-12,Y
25MS01400,"梅粉154-63-12 200g Bk网布 54""",,梅粉154-63-12,Y
25MS01545,"果酱粉152-85-11 YH M 354纹 290g 单层网 54""",,果酱粉152-85-11,Y
25MS00527,"宁静绿080-77-06 K106/DJT1834 单层网布 54""",,宁静绿080-77-06,Y
25MS01647,"粉色152-57-30 YS-K086 280-290g 单层网布 54""",,粉色152-57-30,Y
25MS01652,"灰褐029-39-08 YS-K086 280-290g 单层网布 54""",,灰褐029-39-08,Y
25MS01694,"米黄038-84-04 YS-K086 280g-290g 单层网布 54""",,米黄038-84-04,Y
WD004562,"250-260G白色 拉毛四面弹54""",,白色,码
WK000323,"230G/Y 海盗黑19-4305TPG K208网布54""",,海盗黑,码
25FB00362,"黄色050-85-29 260g BK-Q01单层网布 54""",,黄色050-85-29,Y
25FB00345,"蓝色120-62-25 JFD1363 三明治网布 54""",,蓝色120-62-25,Y
25FB00378,"蓝色116-85-09 260g BK-Q01单层网布 54""",,蓝色116-85-09,Y
25FB00648,"黑色 佳积布230G 54""",,黑色,Y
25FB01516,"深蓝色117-31-18 小椭圆三明治网布 54""",,深蓝色117-31-18,Y
25FB01514,"黑色139-18-00 DJT-6515 单层网布 54""",,黑色139-18-00,Y
25MS01374,"虚拟粉 144-57-41 BK-Q01单层网布 260g 54""",,虚拟粉144-57-41,Y
25MS01064,"白色109-98-01 BK单层网布240g 54""",,分化紫色豹纹,Y
25FB01321,"沙土152-55-11 DJT-6515 单层网布 54""",,沙土152-55-11,Y
25FB01591,"白色109-98-01 DJT-6515 单层网布 分化底色桃汁粉 016-73-20+紫色 008-36-10 豹纹图案+防脱纱 54""",,分化底色桃汁粉016-73-20+紫色008-36-10豹纹图案,Y
25FB00876,"雪白色11-0602TPG YS1066纹230g 平布 54""",,雪白色11-0602TPG,Y
18MS01696,"白色109-98-01 CL22114 三层网 54""",,白色109-98-01,Y
25FB01642,"白色109-98-01 220g佳积布54"" 分化蓝色马赛克",,分化蓝色马赛克,Y
WD004591,11-0601TPG白色丝光莱卡250G 54“,"54""",11-0601TPG白色,码
25FB00613,"净粉色Pure Pink 011-87-11 DJ132 240g POLYPAG单层网布 54""",,净粉色011-87-11,Y
25PU00814,"蓝色 126-21-11 1.4mm D32纹 太空PU 54"" 优剥 透心",,蓝色126-21-11,Y
25FB00353,"灰色000-73-00 DJ132 240g POLYPAG单层网布 54""",,灰色000-73-00,Y
25FB00392,"海盐色036-90-02 DJ132 240g POLYPAG单层网布 54""",,海盐色036-90-02,Y
25FB01648,"棕色030-73-12 DJ132 240g POLYPAG单层网布 54"" 分化 黑色圆点",,棕色030-73-12分化黑色圆点,Y
25MS00466,灰色000-27-00 DJ132 单层网布 240g 54“,,灰色000-27-00,Y
25MS00707,"深绿色091-24-14 354纹 280-290g 单层网 54""",,深绿色091-24-14,Y
25MS00709,"软灰色Soft Grey 047-82-01 354纹 280-290g 单层网 54""",,软灰色047-82-01,Y
25MS00710,"软灰色Soft Grey 047-82-01 K106/DJT 1834 FLECK TEX纹 单层网布 54""",,软灰色047-82-01,Y
25MS01729,"虚拟粉 144-57-41 240g  DJ132 POLYPAG 单层网布 54""",,虚拟粉144-57-41,Y
25MS01803,"260g 黑色 139-18-00 BK-Q01单层网布 54""",,黑色139-18-00,Y
25FB01280,"粉色 151-66-26 DJT-6515 单层网布 54""",,粉色151-66-26,Y
25FB01285,"蓝色120-62-25 BK 200g 网布54""",,蓝色120-62-25,Y
25FB01535,"蓝色 117-31-18 YS12984纹 320g三明治网布 54""",,蓝色117-31-18,Y
25FB01587,"白色 109-98-01 DJT1429 网布54""",,白色109-98-01,Y
25FB01643,"黑色139-18-00 DJT1429 网布54""",,黑色139-18-00,Y
25MS00429,"蓝色116-85-09 YHM354 单层网布 54""",,蓝色116-85-09,Y
25MS01636,"蓝色 126-21-11 WX-018 260g 毛巾布 54""",,蓝色126-21-11,Y
25MS01643,"橘色 030-71-41  220g -230G莱卡布54""",,橘色030-71-41,Y
25MS01655,蓝色 126-21-11 200g 组织布54“,,蓝色126-21-11,Y
25MS01673,"胜利红009-39-36220g -230G莱卡布54""",,胜利红009-39-36,Y
25MS01674,白色 109-98-01 200g 组织布54“,,白色109-98-01,Y
25MS01675,"深蓝109-55-25 220g -230G莱卡布54""",,深蓝109-55-25,Y
25MS01676,"白色 109-98-01 CL24154纹 430g三明治网布 54""",,白色109-98-01,Y
24MS02311,"白色109-98-01  360g-380g 提花空气层54""凤化黑莓/紫色豹纹",,凤化黑莓/紫色豹纹,Y
25MS01769,"紫色008-36-10 D027纹 250-260g单层网布 54""",,紫色008-36-10,Y
25MS01770,"粉色151-66-26 D027纹 250-260g单层网布 54""",,粉色151-66-26,Y
17FB00517,"白色 佳积布250G 54""",,白色,Y
25MS01774,紫色008-36-10 佳积布 54“250g,,紫色008-36-10,Y
25MS01775,"紫色008-36-10 250g 佳积布 54""",,紫色008-36-10,Y
25MS01785,"粉色151-66-26 DJ132 POLYPAG 单层网布 240g 54""",,粉色151-66-26,Y
25RF00160,"150g 羽绒灰13-4303TPG 天鹅绒54""",,羽绒灰13-4303TPG,Y
25FB00375,"蓝色107-75-06 DJ132 240g POLYPAG单层网布 54""",,蓝色107-75-06,Y
25FB00376,"蓝色107-75-06 260g BK-Q01单层网布 54""",,蓝色107-75-06,Y
25MS01805,"灰色 028-56-06 260g BK 单层网布 54""",,灰色028-56-06,Y
25FB01323,"蓝色107-75-06 K106/DJT 1834 FLECK TEX纹 单层网布 54""+5mm 白色 高弹EVA 54""",,蓝色107-75-06,张
25FB01656,"逃离灰 039-65-02 DJT-6515 单层网布 54""",,逃离灰039-65-02,Y
25MS01460,"米色034-75-11 354纹 280-290g 单层网 54""",,米色034-75-11,Y
25MS01461,"米色034-75-11 K106/DJT 1834 FLECK TEX纹 单层网布 54""",,米色034-75-11,Y
25FB01653,"西装灰19-0203TPG 灯芯绒 54""",,西装灰19-0203TPG,Y
25FB01654,"原始色11-0606TPG 灯芯绒 54""",,原始色11-0606TPG,Y
25MS01814,"银色 YS89 250g 有光莱卡布54""",,银色,Y
25FB01613,"红色 012-41-36 DJT-6515 单层网布 54""",,红色012-41-36,Y
25FB01698,"蓝色107-75-06 D01单层网布 54""",,蓝色107-75-06,Y
WK000351,"280G 白色(11-4001TPG) K208网布54""",,白色11-4001TPG,码
WD004647,11-0604米白丝光莱卡250G54“,,11-0604米白,码
WD004649,黑色丝光莱卡250G54“,,黑色,码
25FB01042,"橄榄绿044-36-10 YS571 单层网布 530g 54""",,橄榄绿044-36-10,Y
25FB01046,"橄榄绿044-36-10 YS5908小圆孔 三明治网布 380g 54""",,橄榄绿044-36-10,Y
25FB01174,"灰色031-78-00 DJT1834纹 单层网布 54""",,灰色031-78-00,Y
25FB01189,"朦胧绿051-61-04 240g 丝光布 54""（YS607）",,朦胧绿051-61-04,Y
25MS01709,"蔚淡蓝12-4303TPG YSK133纹220g 单层网布 54""",,蔚淡蓝12-4303TPG,Y
25MS01738,"象牙白11-4202TPG YSK133纹220g 单层网布 54""",,象牙白11-4202TPG,Y
25MS01744,"北极狼白12-0602TPG YSK133纹220g 单层网布 54""",,北极狼白12-0602TPG,Y
25MS01748,"发光绿12-0525TPG YSK133纹220g 单层网布 54""",,发光绿12-0525TPG,Y
25MS01863,"透明黄11-0617TPG YS-125纹310g 粗网 54""",,透明黄11-0617TPG,Y
24MS01756,"白色 YSK133纹 220g 单层网布54""",,白色,Y
25MS01871,"梅李色18-1506TPG YS-125纹310g 粗网 54""",,梅李色18-1506TPG,Y
25MS01874,白色 YSK133纹 单层网布137cm,,白色,Y
25MS01877,"豆腐色11-4801TPG YS-125纹310g 粗网 54""",,豆腐色11-4801TPG,Y
WK000333,"230G/Y  椒红18-1657TPG K208网布54""",,椒红,码
WK000334,"230G/Y 繁星粉17-2033TPG K208网布54""",,繁星粉,码
WD004690,14-4811蓝绿丝光莱卡250G 54“,,14-4811蓝绿,码
WD004634,黑色 YS2323猫舌布54″,,黑色,码
25FB00942,"白色 220g 莱卡布 54""",,白色,Y
25FB01504,"灰青綠(16-0518 TPG) 莱卡布54""",,灰青綠16-0518TPG,Y
25MS00972,"白色 新K208 网布 54"" 260G",,白色,Y
25FB00590,"8安 赤熱綠(13-0442 TPG) 帆布 54""",,赤熱綠13-0442TPG,Y
25FB00589,"8安 暗雲杉綠(19-4524 TPG) 帆布 54""",,暗雲杉綠19-4524TPG,码
25FB00210,"鍍銀灰(14-0000 TPG) 毛巾布 54""",,镀银灰14-0000TPG,码
25FB00203,"8安 摩根石(12-2901 TPG) 帆布 54""",,摩根石12-2901TPG,码
24MS02452,"水滴灰(14-4104 TPG) YS-0731 三明治网布 54""",,水滴灰14-4104TPG,Y
23MS01809,"潔白(11-4800 TPG) YS-0731 三明治网布 54""",,潔白11-4800TPG,码
WK000357,"230G K208黑网布56""",,黑色,码
WS001874,400G/Y浅黄棕15-1217TPGYS028三明治网布54“,,浅黄棕15-1217TPG,码
WS001878,"400G/Y苍白紫红13-2803TPG YS028三明治网布54""",,苍白紫红13-2803TPG,码
WS001873,"400G/Y 浅紫15-3716TPG YS028三明治网布54""",,浅紫15-3716TPG,码
WS001875,"400G/Y深玫红18-2133TPGYS028三明治网布54""",,深玫红18-2133TPG,码
WS001877,"400G/Y 芍药蓝19-4029TPGYS028三明治网布54""",,芍药蓝19-4029TPG,码
WS001879,"400G/Y 黑色YS028三明治网布54""",,黑色,码
WD003687,"220G 深蓝色 TANGO SUEDE弹力超纤布54""",,67NAVY深蓝色,码
WD003772,"220G 米色 TANGO SUEDE弹力超纤布54""",,08-BEIGE米色,码
WS001937,400G/Y 砾石棕14-0002TPG YS028三明治网布54“,,砾石棕14-0002TPG,码
WS001938,"400G/Y 靛蓝色19-4028TPG YS028三明治网布54""",,靛蓝色19-4028TPG,码
25FB00240,"白色109-98-01 200g WWDB0633 网布 54""",,白色109-98-01,Y
25FB00288,"黑色139-18-00 YS-028 三明治网54""",,黑色139-18-00,Y
25FB00316,"黑色139-18-00180g WWDB0633 网布 54""",,黑色139-18-00,Y
25FB00659,"红色009-39-36 WWDB0633 200g 佳积布 54""",,红色009-39-36,Y
25FB01016,"蓝色 118-30-29 小椭圆三明治网布 54""",,蓝色118-30-29,Y
25FB01017,"灰色 000-47-00 小椭圆三明治网布 54""",,灰色000-47-00,Y
25FB01018,"白色109-98-01YS1060 小椭圆三明治网布 54""",,白色109-98-01,Y
25FB01022,"新灰色 031-78-00 佳积布 54""250g",,新灰色031-78-00,Y
25FB01024,"表情粉154-77-21 YH-H29W 350g单层网布 54""",,表情粉154-77-21,Y
25FB01025,"蓝色 118-30-29 YH-H29W 350g 单层网布 54""",,蓝色118-30-29,Y
25FB01027,"陀螺色 154-62-08 佳积布 54""250g",,陀螺色154-62-08,Y
25FB01028,"雾蓝色 126-50-07 佳积布 54""250g",,雾蓝色126-50-07,Y
25FB01031,"传统绿 059-40-11 佳积布 54""250g",,传统绿059-40-11,Y
25FB01034,"表情粉 154-77-21  佳积布 54""250g",,表情粉154-77-21,Y
25FB01036,"扭曲绿 091-63-26 佳积布 54""250g",,扭曲绿091-63-26,Y
25FB01037,"幻影紫 142-24-12 佳积布 54""250g",,幻影紫142-24-12,Y
25FB01044,"白色109-98-01 佳积布230G54""",,白色109-98-01,Y
25FB01045,"黑色139-18-00 佳积布230G54""",,黑色139-18-00,Y
25FB01054,"蓝色 126-21-11 YH-H29W 350g 单层网布 54""",,蓝色126-21-11,Y
25FB01068,"表情粉154-77-21 WWDB0633 佳积布 54""",,表情粉154-77-21,Y
25FB01229,"蓝色126-21-11 佳积布 54"" 250g",,蓝色126-21-11,Y
25FB01233,"白色109-98-01 佳积布 54""250g",,白色109-98-01,Y
25FB01534,"黑色 139-18-00 WWDB0633 佳积布 54""180g",,黑色139-18-00,Y
25MS00961,"传统蓝 126-34-11 D027纹 250-260g 单层网布 54""",,传统蓝126-34-11,Y
25MS00962,"幻影紫 142-24-12 D027纹 250-260g 单层网布 54""",,幻影紫142-24-12,Y
25MS00963,"灰色 000-47-00 D027纹 250-260g 单层网布 54""",,灰色000-47-00,Y
25MS00966,"胜利红 009-39-36 D027纹 250-260g 单层网布 54""",,胜利红009-39-36,Y
25MS00967,"陀螺色 154-62-08 D027纹 250-260g 单层网布 54""",,陀螺色154-62-08,Y
25MS00968,"新灰色 031-78-00 D027纹 250-260g 单层网布 54""",,新灰色031-78-00,Y
25MS00969,"荧光桃 012-55-44 D027纹 单层网布54""",,荧光桃012-55-44,Y
25MS01088,"蓝色126-34-11 BK 单层网布200g 54""",,蓝色126-34-11,Y
25MS01117,"传统绿 059-40-11 D027纹 250-260g 单层网布 54""",,传统绿059-40-11,Y
25MS01121,"宁静蓝 123-79-06 D027纹 250-260g 单层网布 54""",,宁静蓝123-79-06,Y
25MS01381,"白色109-98-01 354纹 280-290g单层网布 54""",,白色109-98-01,Y
25MS01423,蓝色126-34-11 BK 单层网布54“,,蓝色126-34-11,Y
25MS01912,"传统蓝126-34-11 CL21056单层网布 54""",,传统蓝126-34-11,Y
25MS01919,"海盐色 佳积布网布54""250g",,海盐色036-90-02,Y
25MS01920,"海盐色036-90-02 200g WWDB0633网布 54""",,海盐色036-90-02,Y
25MS01922,"虚拟粉144-57-41 佳积布网布54""230G",,虚拟粉144-57-41,Y
25MS01923,"白色109-98-01 200g WWDB0633 网布 54""",,白色109-98-01,Y
25MS01936,"黑色139-18-00 200G BK网布54""",,黑色139-18-00,Y
25MS01940,白色109-98-01 YS-028  三层网54“ 耐黄,,白色109-98-01,Y
25MS01962,"黑色 139-18-00 YH-H29W 350g菱形单层网布54""",,黑色139-18-00,Y
25MS01963,"黑色 139-18-00 小椭圆三明治网布 54""",,黑色139-18-00,Y
25MS01975,"咖啡色028-24-06 K273 /CL24075 300g 单层网布 54""",,咖啡色028-24-06,Y
25MS01970,"斑鸠灰Alabaster 038-84-04 K273 /CL24075 300g 单层网布 54""",,斑鸠灰038-84-04,Y
25MS01967,月石色024-71-03 K273/CL24075  300g 单层网布 54“,,月石色024-71-03,Y
25FB01734,"灰色031-78-00 230g CK网布 54""",,灰色031-78-00,Y
20IM00810,"白色 佳积布 54"" 180g 耐黄",,白色,Y
24FB00518,"暖沙色(15-1214 TPG) 毛巾布 54""",,暖沙色15-1214TPG,Y
25MS01768,"古白色11-0105TPG YSK055纹 单层网布 54""",,古白色11-0105TPG,Y
25MS01771,"灰沙米13-1010TPG 200g 小米通布 54""",,灰沙米13-1010TPG,Y
25MS01843,"古白色11-0105TPG 80g 佳绩布54""",,古白色11-0105TPG,Y
25FB01038,"暗灰000-55-00 YS571 单层网布530g 54""",,暗灰000-55-00,Y
25FB01040,"暗灰000-55-00 YS5908小圆孔 三明治网布 380g 54""",,暗灰000-55-00,Y
25FB01048,"海盗黑155-31-00 FMD-F2-066 格子布 54""",,海盗黑155-31-00,Y
25FB01057,"蜡笔蓝120-25-18 YS571 单层网布 530g 54""",,蜡笔蓝120-25-18,Y
25FB01078,"朦胧绿051-64-04 YS571 单层网布 530g 54""",,朦胧绿051-64-04,Y
25FB01080,朦胧绿051-64-04 YS5908小圆孔 三明治网布 380g 54“,,朦胧绿051-64-04,Y
25MS00868,"黑色139-18-00 YY5983纹 380g 三明治网布 54""",,黑色139-18-00,Y
25MS00870,"白色109-98-01 YY5983纹 380g 三明治网布 54""",,白色109-98-01,Y
25MS00980,蓝色126-34-11 180g 丝光布 54“,,蓝色126-34-11,Y
25MS01005,粉色152-57-30  180g 丝光布 54“,,粉色152-57-30,Y
25MS01080,"元素粉159-77-06 D027纹 250-260g 单层网布 54""",,元素粉159-77-06,Y
25MS01093,"海蓝099-73-02 D027纹 250-260g 单层网布 54""",,海蓝099-73-02,Y
25MS01056,"土色034-67-06 D027纹 250-260g单层网布 54""",,土色034-67-06,Y
25MS01066,"传统绿072-26-10 D027纹 250-260g 单层网布 54""",,传统绿072-26-10,Y
25MS01154,"跋涉灰029-39-08 YS571 530g 网布 54""",,跋涉灰029-39-08,Y
25MS01182,"橄榄绿044-36-10 YS571 530g 网布 54""",,橄榄绿044-36-10,Y
25MS01264,"传统蓝126-34-11 YS571 530g 网布 54"" 防虹吸",,传统蓝126-34-11,Y
25MS01268,"传统蓝126-34-11 YS5908纹 380g 小圆孔三明治 54""防虹吸",,传统蓝126-34-11,Y
25MS01285,"海盗黑155-31-00 DJT1834纹 单层网布 54""",,海盗黑155-31-00,Y
25MS01287,"白色109-98-01 DJ132 240g POLYPAG 单层网布 54""",,白色109-98-01,Y
25MS01294,"橄榄绿044-36-10 YS5908纹 380g 小圆孔三明治 54""",,橄榄绿044-36-10,Y
25MS01331,"260g 黄色 037-77-37 BK-Q01单层网布 54""",,黄色037-77-37,Y
25MS01884,"竞争红014-48-36 CL24121 430g 三明治网布 54""",,竞争红014-48-36,Y
25MS01885,"竞争红014-48-36 CL24100 400g 三明治网布 54""",,竞争红014-48-36,Y
25MS01350,"黄色 043-90-14 260G BK-Q01单层网布 54""",,黄色043-90-14,Y
25MS01900,"暗黑色139-18-00 CL24100 400g三明治网布54"";;纸质补单号：6016",,暗黑色139-18-00,Y
25MS01932,"雾霾蓝 126-50-07 镂空圆孔YS0391纹 310-320g 单层网布 54""",,雾霾蓝126-50-07,Y
25MS01935,"海盐色 036-90-02  YSK2360纹 400g 双心三层网 59""",,海盐色036-90-02,Y
25MS01937,"海盐色036-90-02 DJ132网布  54""耐黄",,海盐色036-90-02,Y
25MS01938,"海盐色 036-90-02  镂空圆孔YS0391纹 310-320g 单层网布 54""",,海盐色036-90-02,Y
25MS01943,"白色 DJ132单层网布 54""耐黄",,白色,Y
25MS01983,"暗黑色139-18-00 CL24121 430g三明治网布54"";;纸质补单号：6016",,暗黑色139-18-00,Y
25MS01904,"白色109-98-01 CL24100 430g 三明治网布 54"" 耐黄",,白色109-98-01,Y
25MS01905,"白色109-98-01 CL24121 430g 三明治网布 54"" 耐黄",,白色109-98-01,Y
25MS01909,"表情粉154-77-21 CL24121 430g 三明治网布 54""",,表情粉154-77-21,Y
26MS00001,"表情粉154-77-21 CL24100 400g 三明治网布 54""",,表情粉154-77-21,Y
26MS00005,"蓝色ADWW CL24100 400g 三明治网布 54""",,蓝色ADWW,Y
26MS00006,"蓝色 ADWW CL24121 430g 三明治网布 54""",,蓝色ADWW,Y
25FB00853,"淡可可014-47-06 DJ132 240g POLYPAG单层网布 54""",,淡可可014-47-06,Y
25FB00987,"灰色000-47-00 YS5908纹 380g 小孔三明治网布 54""",,灰色000-47-00,Y
25FB01012,"合金灰000-47-00 YS571 单层网布 530g 54""",,合金灰000-47-00,Y
25FB00871,"黑色 180g 低弹平布 54""",,黑色,Y
25RF00166,"200G黑色 K208里布 54""",,黑色,Y
25MS01784,"餐厅棕19-0820TPG YS-2001 300g单层网布 54""",,餐厅棕19-0820TPG,Y
23MS00177,"黑色 YS-2001 300g 单层网布54""",,黑色,Y
26MS00009,"绿夹克19-6027 TPG 200g 佳积布54""",,绿夹克19-6027TPG,Y
26MS00010,"真灰色16-5102TPG 200G佳积布54""",,真灰色16-5102TPG,Y
26MS00011,"米土色12-0311TPG 200g 佳积布54""",,米土色12-0311TPG,Y
26MS00014,"靛青蓝19-4025TPG 200g 佳积布54""",,靛青蓝19-4025TPG,Y
WD004645,"130G 拿铁色丝光布54""",,15-1220TPG拿铁色,码
WD004728,"360-370G黑色 BH-0289方格压纹四弹布58""",,黑色,码
23MS01813,"极度灰(17-5104 TPG) YS-0731 三明治网布 54""",,极度灰17-5104TPG,Y
24FB01030,"8安 墨綠色(18-5610 TPG) 帆布 54""",,墨綠色18-5610TPG,Y
24MS01597,"黑夜藍(19-4023 TPG) YS-0731 三明治网布 54""",,黑夜藍19-4023TPG,Y
25FB01317,"白玉髓(12-4300 TPG) 180g 佳积布 54""",,白玉髓12-4300TPG,Y
25FB01320,"8安 暗橘茶(18-1355 TPG) 帆布 54""",,暗橘茶18-1355TPG,Y
25FB01322,"白玉髓(12-4300 TPG) 210D 尼龙布 54""",,白玉髓12-4300TPG,Y
25FB01562,"墨綠色(18-5610 TPG) 180g 佳积布 54""",,墨綠色18-5610TPG,Y
25FB01563,"极度灰(17-5104 TPG) 210D 尼龙布 54""",,极度灰17-5104TPG,Y
25FB01565,"黑夜藍(19-4023 TPG) 180g 佳积布 54""",,黑夜藍19-4023TPG,Y
25FB01566,"210D 黑夜藍(19-4023 TPG) 尼龙布 54""",,黑夜藍19-4023TPG,Y
25FB01567,"8安 霜雲杉(18-5622 TPG) 帆布 54""",,霜雲杉18-5622TPG,Y
25FB01688,"白玉髓(12-4300 TPG) YS-0731 三明治网布 54""",,白玉髓12-4300TPG,Y
25MS00977,蓝色126-34-11 YS15365条纹三明治 520-550g 54“,,蓝色126-34-11,Y
25MS01003,粉色152-57-30 YS15365条纹三明治 520-550g 54“,,粉色152-57-30,Y
25MS01806,"原始白11-0606TPG YS-2001 300g单层网布 54""",,原始白11-0606TPG,Y
25MS01807,"亮白色11-4001TPG K208 200g 里布 54"" 耐黄",,亮白色11-4001TPG,Y
WD004738,"230G 深灰色K209网布54""",,深灰色,码
WD004739,"230G 竹绿色K209网布54""",,竹绿色,码
WD004740,"230G 象牙白色K209网布54""",,象牙白色,码
WD004750,"300G田园绿色提花天鹅绒54""",,田园绿色,码
WD004751,"300G象牙白色提花天鹅绒54""",,象牙白色,码
WD004764,"230G深紫色莱卡布54""",,19-2524TPG深紫色,码
17FB00858,"白色 佳积布 54"" 180g",,白色,Y
25FB01029,"米黄 038-90-04 佳积布 54""250g",,米黄038-90-04,Y
25FB01032,"淡红色 016-50-19 佳积布 54""250g",,淡红色016-50-19,Y
25MS00964,"空灵蓝 127-36-35 D027纹 单层网布 260g 54""",,空灵蓝127-36-35,Y
25MS00965,"米黄 038-90-04 D027纹 250-260g 单层网布 54""",,米黄038-90-04,Y
25MS01113,"土黄038-81-05 BK 单层网布200g 54""",,土黄038-81-05,Y
25MS01135,"粉色 154-77-21 YHM 354 单层网布 54""",,粉色154-77-21,Y
25MS01140,"粉色 154-77-21 组织布 250g54""",,粉色154-77-21,Y
25MS01358,"白色 109-98-01 250g 粗纹真美布 54""",,白色109-98-01,Y
25MS01780,"淡咖色014-47-06 250g 加密真美布 54""",,淡咖色014-47-06,Y
25MS01968,"海盐色036-90-02 240g DJ132 POLYPAG 单层网布 54""",,海盐色036-90-02,Y
25MS01969,"海盐色136-90-02 250g 粗纹真美布 54""",,海盐色036-90-02,Y
25MS01971,"海盐色036-90-02 250g 组织布54""",,海盐色036-90-02,Y
26FB00043,"蓝色126-34-11 354纹 280-290g 单层网 54""",,蓝色126-34-11,Y
26FB00048,"米白色036-90-02 BK网布 200g54""",,米白色036-90-02,Y
26FB00049,"白色109-98-01 BK网布54"" 耐黄200g",,白色109-98-01,Y
26MS00134,"运动蓝117-31-18 K106 230-250g单层网布 54""",,运动蓝117-31-18,Y
26MS00135,"碳素黑155-31-00 加密真美布250g 54""",,碳素黑155-31-00,Y
26MS00140,"清风蓝099-73-02 加密真美布250g 54""",,清风蓝099-73-02,Y
25MS01116,"怀旧白 038-90-04 YSK2360纹 400g 双心三层网 59""",,怀旧白038-90-04,Y
25MS01120,"怀旧白 038-90-04   镂空圆孔YS0391纹 310-320g 单层网布 54""",,怀旧白038-90-04,Y
25MS01834,"新灰1 031-78-00 YSK2360纹 400g 双心三层网 59""",,新灰1/031-78-00,Y
25MS01835,"新灰 031-78-00 镂空圆孔YS0391纹 310-320g 单层网布 54""",,新灰031-78-00,Y
25MS01996,"大胆紫 128-27-24  YSK2360纹 400g 双心三层网 59""",,大胆紫128-27-24,Y
26MS00106,"大胆紫 128-27-24  镂空圆孔YS0391纹 310-320g 单层网布 54""",,大胆紫128-27-24,Y
26MS00131,"新灰2 049-65-00   YSK2360纹400g 双心三层网 59""",,新灰2/中灰049-65-00,Y
26MS00132,"新灰2 049-65-00镂空圆孔YS0391纹 310-320g 单层网布 54""",,新灰2/中灰049-65-00,Y
25FB01092,"咖色008-27-06 YS571 单层网布 530g 54""",,咖色008-27-06,Y
25FB01094,咖色008-27-06 YS5908小圆孔 三明治网布 380g 54“,,咖色008-27-06,Y
25FB01199,"米黄038-90-04 DJT1834纹 单层网布 54""",,米黄038-90-04,Y
25FB00492,"灰色000-64-00 DJT1834纹 200g 单层网布 54""",,灰色000-64-00,Y
25FB01206,"朦胧绿051-61-04 YS5908纹 380g 小圆孔三明治 54""",,朦胧绿051-61-04,Y
25MS00861,"海盐色036-90-02 YY5983纹  380g三明治网布 54""",,海盐色036-90-02,Y
25MS01074,"蓝色 116-85-09 BK-Q01单层网布 260g 54""",,蓝色116-85-09,Y
25MS01091,"海军蓝126-21-11 BK-Q01单层网布 260g 54""",,海军蓝126-21-11,Y
25MS01211,"蓝色126-50-07 LY-YG1190 网布54""",,蓝色126-50-07,Y
25MS01227,"暗淡蓝126-34-11 LY-YG1190网布 54""",,暗淡蓝126-34-11,Y
25MS01245,"朦胧绿051-61-04 YS571 530g 网布 54""",,朦胧绿051-61-04,Y
26FB00046,"深灰 000-36-00 YS571 单层网布 530g 54""",,深灰000-36-00,Y
25MS01758,"橄榄绿044-36-10 CL24121 430g 三明治网布 54""",,橄榄绿044-36-10,Y
25MS01759,"橄榄绿044-36-10 CL24100 400g 三明治网布 54""",,橄榄绿044-36-10,Y
26MS00095,"灰色 000-73-00 CL24100 400g 三明治网布 54""",,灰色000-73-00,Y
25FB01144,"丁香紫154-62-08 FMD-F2-066 格子布 54""",,丁香紫154-62-08,Y
25MS01238,"咖色008-27-06 YS571 530g 网布 54""",,咖色008-27-06,Y
25FB01716,"浅粉色13-1405TPG 230g 佳绩布54""",,浅粉色13-1405TPG,Y
25FB01713,"苦棕19-1317TPG 230g 佳绩布54""",,苦棕19-1317TPG,Y
25FB01699,"蓝色19-3930TPG 230g 佳绩布54""",,蓝色19-3930TPG,Y
25MS01215,"宁静蓝123-79-06 YS571 530g 网布 54""",,宁静蓝123-79-06,Y
25MS01217,"朦胧蓝126-50-07 YS571 530g 网布 54""",,朦胧蓝126-50-07,Y
26MS00144,"蓝色117-31-18 YSK2360纹 400g 双心三层网 59""",,蓝色117-31-18,Y
26MS00146,"蓝色117-31-18 镂空圆孔YS0391纹 310-320g 单层网布 54""",,蓝色117-31-18,Y
WS001965,"400G/Y米色12-0104TPG YS028三明治网布54""",,米色12-0104TPG,码
WS001967,"400G/Y白色 YS028三明治网布（G326)54""",,白色,码
26IM00046,"米白色11-0103TPG 莱卡布 54"" 250g",,米白色11-0103TPG,Y
23FB00277,"黑色19-0303TPG 250g 莱卡布54""",,黑色19-0303TPG,Y
100210917,黑色K184尼龙布54英寸,,黑色,码
100271446,黑色K184尼龙布54英寸,,黑色,码
26MS00042,一度灰14-4002TPG YS2159纹450g 三层网布,,一度灰14-4002TPG,Y
26MS00018,巧克棕19-1213TPG YS2159纹450g 三层网布,,巧克棕19-1213TPG,Y
26MS00019,化石灰16-1102TPG YS2159纹450g 三层网布,,化石灰16-1102TPG,Y
26FB00028,"黑色 210D 牛津布 54""",,黑色,Y
26FB00395,"化石灰16-1102TPG TF18-Q08 220g 磨毛布 54""",,化石灰16-1102TPG,Y
26FB00396,"咖喱色16-0928TPG TF18-Q08 220g 磨毛布 54""",,咖喱色16-0928TPG,Y
26FB00397,"一度灰14-4002TPG TF18-Q08 220g 磨毛布 54""",,一度灰14-4002TPG,Y
26MS00028,咖喱色16-0928TPG YS2159纹450g 三层网布,,咖喱色16-0928TPG,Y
26MS00064,"黑色 YSH5106 270g 单层网布58""",,黑色,Y
26MS00067,黑色 D553-03 2908 330g 单层网布 上树脂,,黑色,Y
26MS00068,黑色 YSB0070 510g 三层网,,黑色,Y
26MS00093,蒙雾灰17-0618TPG D553-03 2908 330g 单层网布 上树脂,,蒙雾灰17-0618TPG,Y
26MS00094,蒙雾灰17-0618TPG YSB0070 510g三层网,,蒙雾灰17-0618TPG,Y
26MS00108,草石棕16-1210TPG D553-03 2908 330g 单层网布 上树脂,,草石棕16-1210TPG,Y
26MS00109,草石棕16-1210TPG YSB0070 510g三层网,,草石棕16-1210TPG,Y
26MS00318,"草石棕16-1210TPG YSK133纹220g 单层网布 54""",,草石棕16-1210TPG,Y
25FB00905,"白色 235g 健康布 54""",,白色,Y
25MS01750,"泥泥灰17-0208TPG TF18-Q08 220g 磨毛布 54""",,泥泥灰17-0208TPG,Y
25RF00161,"150g 橡树土17-0610TPG 天鹅绒54""",,橡树土17-0610TPG,Y
WB4875,"130G 黑色丝光布54""",,黑色,码
25FB00587,"8安 迎风蓝(17-4018 TPG) 帆布 54""",,迎风蓝17-4018TPG,Y
25MS00594,"炫藍(13-4111 TPG）  YS-0731 三明治网布 54""",,炫藍13-4111TPG,Y
WD004825,"180G巧克力色 K209网布55""",,巧克力色19-1216TPG,码
WD004827,"180G月桂绿色 K209网布55""",,月桂绿色17-0610TPG,码
WD004829,"180G杏色 K209网布55""",,杏色13-1105TPG,码
WD004830,"180G灰杏色 K209网布54""",,灰杏色,码
WD004832,"180G灰粉色 K209网布54""",,灰粉色17-1510TPG,码
WD004833,"180G灰粉色 K209网布55""",,灰粉色17-1510TPG,码
WD004835,"180G灰蓝色 K209网布54""",,灰蓝色14-4203TPG,码
WD004836,"180G灰蓝色 K209网布55""",,灰蓝色14-4203TPG,码
WD004856,"180G冰米色 K209网布55""",,冰米色13-0513TPG,码
WD004857,"180G冰米色 K209网布54""",,冰米色13-0513TPG,码
WD004858,"360G冰米色 XF8001氨纶布54""",,冰米色13-0513TPG,码
WD004861,"180G灰玉绿色 K209网布55""",,灰玉绿色15-6307TPG,码
WD004862,"180G灰玉绿色 K209网布54""",,灰玉绿色15-6307TPG,码
WD004863,"360G灰玉绿色 XF8001氨纶布54""",,灰玉绿色15-6307TPG,码
WD004875,"130G暮光紫色丝光布54""",,暮光紫色18-1807TPG,码
WD004876,"240G 暮光紫色YS121细纱弹力网布上轻树脂54""",,暮光紫色18-1807TPG,码
WD004878,"130G灰蓝色丝光布54""",,灰蓝色14-4203TPG,码
WD004879,"240G 灰蓝色YS121细纱弹力网布上轻树脂54""",,灰蓝色14-4203TPG,码
WD004882,"240G 黑色YS121细纱弹力网布上轻树脂54""",,黑色,码
WD004886,"360-370G暮光紫色 BH-0289方格压纹四弹布58""",,暮光紫色18-1807TPG,码
25FB01015,"玻璃蓝116-85-09 小椭圆三明治网布 54""",,玻璃蓝116-85-09,Y
25FB01021,"数据蓝 105-74-21 YH-H29W 520g单层网布 54""",,数据蓝105-74-21,Y
24IM00240,"黑色 佳积布 54"" 200g",,黑色,Y
25MS00990,白色109-98-01 D40F-34三层网布54”,,白色109-98-01,Y
25MS01011,"朦胧青 096-62-08 260g 粗纹真美布 54""",,朦胧青096-62-08,Y
25MS01024,黑色 139-18-00 D40F-34三层网布 54”,,黑色139-18-00,Y
25MS01435,蓝色 126-21-11 DJ132 单层网布54“,,蓝色126-21-11,Y
25MS01436,米黄038-84-04 BK 单层网布230g 54“,,米黄038-84-04,Y
25MS01437,"蓝色 126-21-11 组织布 54""",,蓝色126-21-11,Y
25MS01446,粉色 152-57-30 DJ132 单层网布54“,,粉色152-57-30,Y
25MS01907,"白色 250g 组织布 54""",,白色,Y
25FB01231,"荧光红012-55-44 佳积布 54""250g;",,荧光红012-55-44,Y
26MS00597,"黑色139-18-00 480g 提花空气层54""",,黑色139-18-00,Y
26MS00598,"白色109-98-01 480g 提花空气层54""",,白色109-98-01,Y
26MS00599,"梦幻紫 139-56-12 240g DJ132 POLYPAG单层网布 54""",,梦幻紫139-56-12,Y
26MS00114,"灰色 000-47-00 CL24121 430g 三明治网布 54""",,灰色000-47-00,Y
26MS00113,"灰色 000-47-00 CL24100 400g 三明治网布 54""",,灰色000-47-00,Y
26MS00557,"新灰色2 049-65-00 240g DJ132  POLYPAG单层网布 54""",,新灰色2/049-65-00,Y
25FB00854,"深靛蓝131-27-07 DJ132 240g POLYPAG单层网布 54""",,深靛蓝131-27-07,Y
26MS00552,"亚麻色038-81-05 240g DJ132 POLYPAG单层网布 54""",,亚麻色038-81-05,Y
25FB01512,"黑色139-18-00 LY-YG1190网布 54""",,黑色139-18-00,Y
26MS00060,"白色109-98-01 YY5983纹 380g 三明治网布 54""",,白色109-98-01,Y
25MS00882,"蓝色126-21-11 YY5983纹 310g 三明治网布 54""",,蓝色126-21-11,Y
25FB01163,"原木棕032-45-12 240g 丝光布 （YS607） 54""",,原木棕032-45-12,Y
25FB01161,"蓝色120-25-18 240g 丝光布 54""（YS607）",,蓝色120-25-18,Y
25FB01184,"复古红013-30-24 240g 丝光布 54""（YS607）",,复古红013-30-24,Y
Y24418W-19,"黑色 佳积布 54"" 120g",,黑色,Y
Y24418W-19open,"黑色 佳积布 54"" 120g",,黑色,Y
26MS00607,俏皮粉151-66-26 240g DJ132 POLYPAG单层网布 54“,,俏皮粉151-66-26,Y
26MS00604,"复古粉笔白038-90-04 240g DJ132 单层网布 54""",,复古粉笔白038-90-04,Y
26MS00603,"纯黑155-31-00 280g YH M 354纹 单层网布 54""",,纯黑155-31-00,Y
26MS00605,"复古粉笔白038-90-04  DJT 1834 单层网布 54""",,复古粉笔白038-90-04,Y
26MS00541,"暗黑色139-18-00  LJA2063 单层网布 54""",,暗黑色139-18-00,Y
26MS00542,"暗黑色139-18-00 K106/DJT 1834 FLECK TEX纹 单层网布 54""",,暗黑色139-18-00,Y
26MS00543,"暗黑色139-18-00  K106/DJT1834 FLECK TEX 单层网布 54""",,暗黑色139-18-00,Y
26MS00544,"锐步白109-98-01  LJA2063 单层网布 54""",,锐步白109-98-01,Y
26MS00545,"锐步白109-98-01 K106/DJT 1834 FLECK TEX纹 单层网布 54""",,锐步白109-98-01,Y
26MS00546,"锐步白109-98-01  K106/DJT1834 FLECK TEX 单层网布 54""",,锐步白109-98-01,Y
26MS00278,"暗黑色139-18-00  K106/DJT 1834 FLECK TEX纹 单层网布 54""",,暗黑色139-18-00,Y
26MS00600,"锐步白109-98-01  LJA2063 单层网布 54"" 耐黄",,锐步白109-98-01,Y
26MS00601,"锐步白109-98-01  K106/DJT 1834 FLECK TEX纹 单层网布 54"" 耐黄",,锐步白109-98-01,Y
WD004907,"230G 荧光黄色POLYPAG PII网布54""","54""",荧光黄色,码
WD004908,"200G 荧光黄色莱卡布54""","54""",荧光黄色,码
WK000369,"230G 荧光黄色K208网布54""","54""",荧光黄色8022,码
WD004901,"180G 珠褐色K209网布55""","55""",珠褐色15-4504TPG,码
WD004902,"360G珠褐色 XF8001氨纶布54""","54""",珠褐色15-4504TPG,码
WD004904,"180G  粉紫色K209网布55""","55""",粉紫色14-3207TPG,码
WD004905,"360G粉紫色 XF8001氨纶布54""","54""",粉紫色14-3207TPG,码
WD004927,"360G黑色 YS1513(U)网布 DIN≥30万次54""","54""",黑色,码
